label,family,lag,observed,null_mean,null_q025,null_q975,z_score
voynich,voynich,1,-0.017334441566557453,-5.324246870002179e-05,-0.001014431542750882,0.0010373163585146311,-31.570241349941575
voynich,voynich,2,-0.03289200216964746,-6.214151172728784e-05,-0.0012385353240827596,0.0011838972367521627,-54.642927635115825
voynich,voynich,3,-0.03484957485949236,-8.093403920227783e-05,-0.001170277368602618,0.0010537779299742006,-57.58322829870889
voynich,voynich,4,0.0006626165474076656,7.493558093052784e-05,-0.001206434987250718,0.001299555897207455,0.9046694060742971
voynich,voynich,5,0.020700604259950448,-3.300229742658769e-05,-0.0009972134282608958,0.001012810587610477,38.718235697117386
voynich,voynich,6,0.033325167426972085,6.883320783134694e-05,-0.001205659193194028,0.0011176274481688175,55.42629402633187
voynich,voynich,7,0.016561438187924604,4.2705612665400805e-05,-0.0010538653027665212,0.0012903170526929603,28.22883811039923
voynich,voynich,8,0.007148594013076326,3.070034240174331e-05,-0.0009751627545455804,0.0010087881270073318,12.492783400578459
voynich,voynich,9,0.0021003662774961157,-7.905796683131683e-06,-0.0011105183603787316,0.0013015608310004284,3.3059409169727596
voynich,voynich,10,0.009723399165533164,-7.60891786336862e-05,-0.00114145582180597,0.0010095870685273983,16.64276412775986
voynich,voynich,11,0.015534822867032963,-5.948414895374191e-05,-0.0009844374209576762,0.0012031637360170877,27.69245227916643
voynich,voynich,12,0.01723213371512057,-0.00011430266921005231,-0.0013181944267661866,0.0009842808646979423,29.060551357152235
voynich,voynich,13,0.013974676663440488,-1.946008655426691e-05,-0.0010254277577528143,0.0009951223330936232,25.51836386808794
voynich,voynich,14,0.009485009082320778,-1.7319674309366345e-06,-0.001254766724206588,0.00107383804473421,16.41003671364226
voynich,voynich,15,0.009172185967680671,3.108535681032885e-05,-0.0010925245215377133,0.0012569768620575572,14.343031365541835
voynich,voynich,16,0.010321279191317118,-4.636748359893604e-05,-0.001154789706865375,0.0009702148616333728,18.247405893400156
voynich,voynich,17,0.010248630936874364,-1.9554393730021117e-05,-0.0010760839873142497,0.0011063645319623339,17.633674441123876
voynich,voynich,18,0.00971651667870102,1.762305012647618e-05,-0.0011070225611972545,0.0010649949611364201,17.60577767783431
voynich,voynich,19,0.011408637959156809,5.7474899777091444e-06,-0.0009238913057993681,0.0009766339492573994,21.63841686443266
voynich,voynich,20,0.009811389101210627,-7.891242600512834e-05,-0.001288989439449842,0.0011336707876745539,16.153187064342855
voynich,voynich,21,0.010219094220323618,-4.193722701777008e-06,-0.0011893976658107208,0.0012280539329444923,16.67465085809892
voynich,voynich,22,0.00910740383816648,-3.0297638940691498e-05,-0.0009853787519140678,0.0011135858633018747,15.972538231910601
voynich,voynich,23,0.01095097591473071,-5.828150739309833e-05,-0.0010528669858237694,0.000993895266032413,19.24114889066318
voynich,voynich,24,0.009907155418909436,-1.588174150638229e-05,-0.0011203559244941652,0.0010151801263827698,16.630878111080747
voynich,voynich,25,0.008273307314269271,-3.846169157866925e-05,-0.0012505022095402468,0.0014280692190312,12.285776708707107
voynich,voynich,26,0.01061293824984856,-3.644901721108408e-05,-0.0011665718770840078,0.0012196143498700018,17.057452031852165
voynich,voynich,27,0.009579542520894352,1.6438377418699634e-06,-0.0009312188696798951,0.0010163787451657191,16.94026000017478
voynich,voynich,28,0.009794066993324566,-3.647024357866686e-05,-0.0011762385148025994,0.0013039590655688355,16.528596059229937
voynich,voynich,29,0.009230590823766358,-2.0437810916886582e-05,-0.0009095541249585365,0.0009545198949666989,17.454456083798554
voynich,voynich,30,0.007795114409045428,1.6428666414321085e-05,-0.0011075825076451717,0.0013360903117162343,12.442389198696397
voynich,voynich,31,0.010761389976149172,1.3481207077476187e-05,-0.001007984586545968,0.001169401923056479,19.48623381835525
voynich,voynich,32,0.010323227894378603,9.123890995038838e-06,-0.0010545897994593822,0.0009504960171692334,19.27121601787738
voynich,voynich,33,0.008402125441643482,2.1919501545751495e-05,-0.0010907522892558696,0.001070992144513297,14.438730479160942
voynich,voynich,34,0.009311127566687671,-5.3346730792117745e-06,-0.0013618886047071788,0.0010975001510301063,14.073848541365429
voynich,voynich,35,0.008361228422890818,-8.423134422315188e-05,-0.0011683000612614375,0.001040461883284563,15.007432799023832
voynich,voynich,36,0.009567875969858947,-3.8748261900374e-05,-0.001152246844212404,0.0010930784407611194,15.243909333829604
voynich,voynich,37,0.010153152155291764,1.5951620588269335e-05,-0.0011570803154144216,0.0011352521197841164,17.519245173963576
voynich,voynich,38,0.01037813430735958,5.980809054057859e-06,-0.0011410268721273181,0.0012975262878094085,17.761050469322424
voynich,voynich,39,0.008550963785173366,-5.373875265461889e-06,-0.001318178696002148,0.0012352661046829416,13.080226664520433
voynich,voynich,40,0.010149272209536597,-5.578771056990901e-05,-0.0011663592361175479,0.0010581257642740954,17.49879205251278
voynich,voynich,41,0.010076613952351932,8.802363570059424e-05,-0.0010197600137271112,0.0013979440551174366,16.364893588885614
voynich,voynich,42,0.010165832295969776,-3.278078058775176e-05,-0.0013692350397899872,0.0012886867682235098,16.12280105069078
voynich,voynich,43,0.00828118184676399,-4.2929785641877135e-06,-0.0012487447336372443,0.0010332157680807558,13.270958419811658
voynich,voynich,44,0.010177170823457288,-1.0399998627171683e-05,-0.0010238150721776917,0.000986618293705499,18.564536812361045
voynich,voynich,45,0.009425660019356616,1.4615632933655809e-05,-0.0009764287534893279,0.001107122160348778,17.29057100206881
voynich,voynich,46,0.009692423446340137,-8.509497412157702e-05,-0.00114836423401328,0.001316400595045883,15.399420944581532
voynich,voynich,47,0.00866413696954843,-8.250790402725208e-05,-0.00116364191064873,0.0010295924834441555,15.318130961274454
voynich,voynich,48,0.010267734769936254,-3.396708440087132e-05,-0.0011736977329227793,0.001040436169958206,17.764042610510185
voynich,voynich,49,0.008456134379216176,5.326956741855356e-05,-0.0011106450835402099,0.0012236073290428223,14.05931735019577
voynich,voynich,50,0.00899966794394777,3.453943582237551e-06,-0.0011676993502374305,0.001145676978126231,15.846301671665021
voynich,voynich,51,0.009527540898253598,3.627746441234543e-05,-0.0011359785853855553,0.0010677458132901246,16.088829616633983
voynich,voynich,52,0.009084104487443775,1.2101855493803007e-05,-0.0011408123502474055,0.0011464775245783182,14.678667471190195
voynich,voynich,53,0.009883535210128719,3.6439770110353595e-05,-0.000994203807689234,0.0012252100581641584,16.650643580128722
voynich,voynich,54,0.009544539577848912,5.004636406864466e-05,-0.0010825917233610594,0.0012464994610810465,16.33489123137318
voynich,voynich,55,0.008871319296807997,-5.462780585064262e-06,-0.0010090922129314117,0.001074567508202881,15.517278932584114
voynich,voynich,56,0.008709870728812935,-3.533134545763449e-05,-0.0011653701466420446,0.0009966339371434568,15.28816242141454
voynich,voynich,57,0.007718081236597368,-7.802086901758682e-05,-0.0011127593382689316,0.0008403656617310684,14.042895938533555
voynich,voynich,58,0.010695219224686026,-4.994885460915192e-05,-0.0010601479803983849,0.0012376581369881873,17.096038908117382
voynich,voynich,59,0.009123752898495721,-3.3809534266973084e-05,-0.0011119823510786497,0.0013163936137438464,14.744678161008697
voynich,voynich,60,0.009322643817349915,-7.655194210903506e-05,-0.0012734864278389768,0.001139235195264654,15.411379619695905
liturgy_sample,liturgical_repetition,1,-0.0437879804389526,-0.00030185098056421185,-0.007328271059824441,0.007466973325908718,-11.823329148923095
liturgy_sample,liturgical_repetition,2,-0.0268690755596164,-0.0004420142488341435,-0.008898673868284461,0.007750374757508366,-6.119497520704533
liturgy_sample,liturgical_repetition,3,-0.012320290212461359,-0.00043025584820017356,-0.008090842684044745,0.00644788319488733,-3.132914803124654
liturgy_sample,liturgical_repetition,4,-0.011248739775223213,-6.418134053255233e-05,-0.007811405031701246,0.007788806496590653,-2.7511532624421644
liturgy_sample,liturgical_repetition,5,0.00542771494682702,-0.00041994440255143343,-0.007531819567851622,0.006485636131698766,1.5474078785212326
liturgy_sample,liturgical_repetition,6,-0.003548382471481454,0.00010637943328046788,-0.007781186704285674,0.008091829168730205,-0.8606531676133877
liturgy_sample,liturgical_repetition,7,0.003612606060240081,0.00032469920657510345,-0.007766065546004945,0.007846530378842892,0.760856920244432
liturgy_sample,liturgical_repetition,8,-0.004045272010192058,-0.00019667486884741657,-0.006692175133537731,0.007071721107859849,-1.06736985426425
liturgy_sample,liturgical_repetition,9,-0.004293914114550823,-0.0002351373075611334,-0.008265319992231512,0.0076203035184913,-0.9672026586196592
liturgy_sample,liturgical_repetition,10,0.001813244288450394,-9.353537256654037e-05,-0.007720654016634326,0.007639515474891084,0.49177785774202715
liturgy_sample,liturgical_repetition,11,-0.006380997489526932,6.0062113122089226e-05,-0.00903000411204348,0.00712893628530753,-1.6623899096026835
liturgy_sample,liturgical_repetition,12,0.003703407133249334,-1.9433354297025662e-05,-0.0076903395546149625,0.007412999078135432,0.9312488417820325
liturgy_sample,liturgical_repetition,13,0.0018663086574953885,-0.00016258082037366254,-0.006615005946268168,0.006637048122112424,0.579895519093151
liturgy_sample,liturgical_repetition,14,-0.0023577660104514148,-0.0007989112914694289,-0.008190215639295534,0.006921131126346056,-0.3952525557721281
liturgy_sample,liturgical_repetition,15,-0.003667082828845293,-0.0004398221552838882,-0.00764480757029317,0.006940183148349113,-0.777917999246083
liturgy_sample,liturgical_repetition,16,-0.007364362149530096,-0.0006548130779120425,-0.008955874085869578,0.008020253235085303,-1.618553373424349
liturgy_sample,liturgical_repetition,17,-0.0017773205783712664,-0.000258350029153955,-0.007083767911881485,0.006978317521920602,-0.41436162643765906
liturgy_sample,liturgical_repetition,18,-0.00441448970701544,-0.00047473386837423447,-0.007864595864127938,0.006201221545638513,-1.0444620392697352
liturgy_sample,liturgical_repetition,19,0.0006453747883761463,-0.00034613038815688125,-0.007318522211889313,0.008078345321957253,0.2563782191133176
liturgy_sample,liturgical_repetition,20,-0.006772158557711072,-0.0002599440064630455,-0.006241091112145471,0.00809772991812538,-1.7949203682170747
liturgy_sample,liturgical_repetition,21,0.0006802058208518619,-0.0002507370742344451,-0.0070223174195199745,0.00678910356321577,0.2449650208485953
liturgy_sample,liturgical_repetition,22,-0.004350186248843146,-0.0001697930501183693,-0.007803958831202329,0.008136530010455487,-0.9796282803988317
liturgy_sample,liturgical_repetition,23,-0.0008793986172730417,0.0006592673407391973,-0.006460052350996122,0.008687436354823705,-0.3772135702616656
liturgy_sample,liturgical_repetition,24,-6.492635644639311e-05,0.00019690245801402037,-0.008305224070428316,0.00817537135753553,-0.06125012368346019
liturgy_sample,liturgical_repetition,25,0.0015476392158723234,-0.00029362640497317615,-0.007226622948445657,0.007131260593165614,0.4896845187542465
liturgy_sample,liturgical_repetition,26,-0.006679362996078998,-0.00033760767693004595,-0.007743192783313042,0.007682339131580604,-1.5736997093067704
liturgy_sample,liturgical_repetition,27,0.001849034099119476,-7.70100615615403e-05,-0.007727981064487854,0.007967682675868643,0.48361007294175523
liturgy_sample,liturgical_repetition,28,0.0008024063923462582,0.00031012326302216973,-0.007978860238840528,0.007987079090590016,0.11761640780594178
liturgy_sample,liturgical_repetition,29,-0.002906476639264202,0.00026892926970573783,-0.00663285406806375,0.00747414619810606,-0.8092053843575918
liturgy_sample,liturgical_repetition,30,0.001103645183741092,6.930013581778485e-05,-0.007416056626695519,0.007759662223144725,0.26026045461695707
liturgy_sample,liturgical_repetition,31,-0.0018081983078618719,-0.000673710957662119,-0.008732299506263988,0.006447460813309908,-0.2881436684377569
liturgy_sample,liturgical_repetition,32,0.0054009428337309096,6.929658972452995e-05,-0.006319888279748019,0.008064768086794336,1.4609362907585006
liturgy_sample,liturgical_repetition,33,0.002222239126478273,-0.0010138386779448365,-0.008169447524201151,0.005952588180568347,0.821817195676109
liturgy_sample,liturgical_repetition,34,0.004905380459893416,1.3322890597060182e-05,-0.00842084555289973,0.007837150182707933,1.171495606154937
liturgy_sample,liturgical_repetition,35,0.0009250630576825569,-0.00032926912040327566,-0.007072804177721326,0.007589952420519144,0.3300931184397905
liturgy_sample,liturgical_repetition,36,-0.0019907105138095016,-0.00039204384714281186,-0.0073240438471428165,0.006542622819523863,-0.4066659003756199
liturgy_sample,liturgical_repetition,37,-0.002774137205371688,-0.0004375141058784741,-0.007575417546796054,0.007095161274222883,-0.6238578223791035
liturgy_sample,liturgical_repetition,38,0.00257862424250499,-0.00036027650456010125,-0.008093734348743671,0.006580758714223256,0.7578351645678303
liturgy_sample,liturgical_repetition,39,0.0004615979996679537,-5.0811928274383696e-05,-0.007811687295234605,0.00740048244055401,0.1310843528608279
liturgy_sample,liturgical_repetition,40,0.0026146641080093402,0.00028017398521170013,-0.006995586826320593,0.007419789575174321,0.6046790271263849
liturgy_sample,liturgical_repetition,41,0.006638038929893217,-0.0004434029926701815,-0.007247141310427183,0.0077061297176101995,1.845039272258008
liturgy_sample,liturgical_repetition,42,0.005855870682771699,-0.00015508017192913622,-0.008033018206117175,0.00772552880242984,1.5217075716376054
liturgy_sample,liturgical_repetition,43,-0.007750653518529417,0.00046201012026301255,-0.006681992017059983,0.0085464343788791,-2.0207972943314343
liturgy_sample,liturgical_repetition,44,0.007497121305182125,-0.0001658931256035311,-0.007468137914486479,0.007764358076961936,1.9338451869833784
liturgy_sample,liturgical_repetition,45,-0.0005027661139164197,-0.0004452948495485863,-0.009591245130222206,0.006981863664217783,-0.013864009174081824
liturgy_sample,liturgical_repetition,46,-0.00048554117334603797,-0.00043473903430858696,-0.007170033151955649,0.006733710163552384,-0.012861195046100794
liturgy_sample,liturgical_repetition,47,-0.002875367730534109,-8.290972042517136e-06,-0.007422037963216631,0.006485423924988756,-0.7631911829527365
liturgy_sample,liturgical_repetition,48,0.004899391144831483,-0.0005299828519582208,-0.007941700347945384,0.007039573060294332,1.3931796933826495
liturgy_sample,liturgical_repetition,49,-0.0025745656560804825,-0.0008044291829736914,-0.0073912635420852815,0.007058830115929185,-0.4498564675215541
liturgy_sample,liturgical_repetition,50,-0.006305200164059319,-8.999673793510285e-05,-0.0068405320698409,0.007881095339152683,-1.6036313164507319
liturgy_sample,liturgical_repetition,51,0.0006716723509830047,-0.0002908443826180455,-0.007895931397343604,0.0057586870765519715,0.2681044863600679
liturgy_sample,liturgical_repetition,52,-0.0017210443827614663,0.0007307499396809698,-0.00573818417922637,0.009259137727575986,-0.6351519220769652
liturgy_sample,liturgical_repetition,53,0.010886296361804396,2.104053539134357e-05,-0.007329615773207641,0.007671723632096394,2.819516002979597
liturgy_sample,liturgical_repetition,54,-0.004634654779618712,-6.605885250186822e-05,-0.007046230342319666,0.007959128714486355,-1.1073463025716457
liturgy_sample,liturgical_repetition,55,-0.004082446420179547,-0.00038906662923876437,-0.008102816294207928,0.006102490594025789,-0.9882676853736815
liturgy_sample,liturgical_repetition,56,-0.0011170733377594555,-0.00043342722515889783,-0.007283293176901531,0.007193918619345124,-0.17936495263493563
liturgy_sample,liturgical_repetition,57,0.004799742690803008,-9.857738266436934e-06,-0.00699966733869551,0.008285932017700323,1.1897669368910688
liturgy_sample,liturgical_repetition,58,-0.009934773460876734,0.0003723617322563304,-0.007252370027400312,0.007769089200067497,-2.540928032319887
liturgy_sample,liturgical_repetition,59,-0.0005290881186748864,-0.00038151634513046943,-0.008041832953662807,0.0075202813473836255,-0.03622815035935514
liturgy_sample,liturgical_repetition,60,-0.0045375704171911405,-0.00033198802320292956,-0.007489798007099875,0.007539724268799217,-1.061450441680697
recipe_sample,medical_recipe,1,-0.04576084311385377,-0.0007013488153906886,-0.010064264036015381,0.008279811323429365,-8.801210885675939
recipe_sample,medical_recipe,2,-0.02640552207286094,-0.0007433196919085403,-0.009540442707781559,0.01079685887952006,-4.938273960391102
recipe_sample,medical_recipe,3,-0.011993768951430395,-0.0005595257752517205,-0.011001213120164888,0.011827570998941814,-1.9221584080507348
recipe_sample,medical_recipe,4,-0.007994715181418498,0.00013090547399363713,-0.008987763840802764,0.011369733676575552,-1.507215175107134
recipe_sample,medical_recipe,5,-0.010449711035082687,-4.235882445177114e-05,-0.010449711035082687,0.009421128507888024,-2.029582867692802
recipe_sample,medical_recipe,6,-0.0014757357116630399,-0.0005264315367127312,-0.009925039886613328,0.01293778317501687,-0.16655393243053182
recipe_sample,medical_recipe,7,-0.004427196514227072,-0.0008667788115915534,-0.011388907105972478,0.00899895962699622,-0.6712929586422374
recipe_sample,medical_recipe,8,-0.006884081655898135,0.0001358188416143212,-0.011361693596196626,0.012518903418728744,-1.1674389353740673
recipe_sample,medical_recipe,9,-0.010836692915181606,-0.0005430144681930403,-0.01033893283553998,0.011064750589049377,-1.8448417883866668
recipe_sample,medical_recipe,10,-0.0023430418350818966,0.000391021909938041,-0.010809177293249199,0.011601181272487868,-0.47506631614133127
recipe_sample,medical_recipe,11,0.003667792753817123,-0.0004403288206721539,-0.010283378148026413,0.010145122101101633,0.7444005187348104
recipe_sample,medical_recipe,12,-0.00626752337055516,-0.000502318983715659,-0.011252568235958917,0.009684620198736976,-1.063260901965844
recipe_sample,medical_recipe,13,0.0007448559503350355,-0.0005543959199891327,-0.011225218862632544,0.010719918294474703,0.22637536532435643
recipe_sample,medical_recipe,14,-0.0047108162464185865,-0.00043436914063014505,-0.010199838202506382,0.010259243633820941,-0.84001230491463
recipe_sample,medical_recipe,15,0.004306346632018246,-0.0006112769326347534,-0.009672684820802503,0.00879960674185351,1.0061676330104972
recipe_sample,medical_recipe,16,-0.003650499317838181,-0.00034130850864735657,-0.009644505311844152,0.008837013169674321,-0.6743479876306205
recipe_sample,medical_recipe,17,-0.0021200457633966246,-0.00014103526864398197,-0.011615298137209719,0.010873457484979213,-0.34883063187796287
recipe_sample,medical_recipe,18,-0.009088061755400619,-0.00010056175540060326,-0.009588061755400591,0.00891193824459939,-1.7859211944648206
recipe_sample,medical_recipe,19,0.00044520487791603613,-0.0008329341916187131,-0.012061048248647219,0.009949957254104164,0.22782932248908355
recipe_sample,medical_recipe,20,0.009487513820174959,-0.0004974711648100135,-0.01103300670034555,0.011990016322677474,1.7078767638480274
recipe_sample,medical_recipe,21,0.009024607248104638,-6.152194568603283e-05,-0.013008442326256905,0.010026109501484734,1.4930620054852048
recipe_sample,medical_recipe,22,0.003551216801713608,-0.00018375313816613659,-0.011979845322534877,0.01056524485782584,0.6474023642438248
recipe_sample,medical_recipe,23,0.008097401903747248,-0.0006569840611650156,-0.010950217143871788,0.011104920700739748,1.5722387011103873
recipe_sample,medical_recipe,24,0.017663192005883233,-0.00046619615861023274,-0.012427078806554068,0.010140624302773918,3.157925373736915
recipe_sample,medical_recipe,25,0.002150774170339473,-0.0001196723926309106,-0.01039312949248037,0.011684140954082586,0.4006035932059474
recipe_sample,medical_recipe,26,0.0026870386462058,-0.0004555316349186768,-0.010365170189135547,0.009213143063876508,0.6051844318440299
recipe_sample,medical_recipe,27,-0.0038078005801118198,-0.000987609721246912,-0.011341703141638675,0.007241923176794285,-0.5423597320669175
recipe_sample,medical_recipe,28,0.008283797541081786,-0.0002815290920840204,-0.011816704971481011,0.011801385480780316,1.442207481244685
recipe_sample,medical_recipe,29,-0.0007285846312176103,0.0002794596121207634,-0.010783888804168834,0.01133778037632388,-0.17382929619215706
recipe_sample,medical_recipe,30,0.014394835628905214,-0.0010377599445354129,-0.012265124129646095,0.008861636433734221,2.6220099952583107
recipe_sample,medical_recipe,31,0.009905898989440845,-0.001679405489673377,-0.009721680275783108,0.007892813936597395,2.2322035880633817
recipe_sample,medical_recipe,32,0.011454737841779639,-0.0003378099930642485,-0.00969329841199678,0.009944163823652777,2.135409198259363
recipe_sample,medical_recipe,33,-0.011680001302000115,-0.0002316385815970776,-0.01117622296446863,0.010486245549385306,-2.1299938618461707
recipe_sample,medical_recipe,34,0.005988551147825191,-0.0004378601424973791,-0.01165257788443285,0.011028873728470362,1.1663183297330355
recipe_sample,medical_recipe,35,-0.0020436845491474676,-0.0012443905501560253,-0.010112267504265963,0.0100591898835303,-0.14441045718470313
recipe_sample,medical_recipe,36,-0.0196703019168537,-0.00027070554954792945,-0.01109310716407872,0.009088527548333003,-3.508556501354233
recipe_sample,medical_recipe,37,-0.006017390377308751,-0.0002400052182981303,-0.010560550397500555,0.0101360674722622,-1.024446571037842
recipe_sample,medical_recipe,38,0.005124059456720592,-0.0006789708463096946,-0.010532506199845068,0.010174564507225675,1.0411571218322868
recipe_sample,medical_recipe,39,0.006170654768096098,-0.0003578950045163185,-0.009999127950448598,0.01021310044773227,1.170041887507605
recipe_sample,medical_recipe,40,-0.004915159834268164,-0.0007695582164723943,-0.010476332736189281,0.010251675352789508,-0.7475843088836109
recipe_sample,medical_recipe,41,0.004220486550112784,-0.0004709651443737959,-0.011459837172699543,0.009278655492955493,0.8864066774117946
recipe_sample,medical_recipe,42,-0.005865389690623293,-0.0002859362493277293,-0.010926118435562536,0.010835015167676335,-1.029845902068134
recipe_sample,medical_recipe,43,0.007329659763586724,-0.0011108465655271845,-0.01089818833767909,0.008342317991434839,1.6147676049320345
recipe_sample,medical_recipe,44,-0.001751688908389476,-0.0005865419985616982,-0.011376815554792703,0.010406365802856754,-0.19758875055289413
recipe_sample,medical_recipe,45,-0.00019855339250147985,-0.0009157353489130215,-0.01033540083294749,0.010445136419966874,0.12686384588593017
recipe_sample,medical_recipe,46,-0.009292929909558836,-0.0010145323436358967,-0.010814228084001024,0.009469747575228185,-1.576684706518178
recipe_sample,medical_recipe,47,-0.004190547803092151,-0.00059338900045388,-0.011800897879195624,0.009508082333894163,-0.7017660709363936
recipe_sample,medical_recipe,48,-0.007712427237634122,-0.0005119196234209073,-0.010758112516821912,0.01106929865069077,-1.2938741620996699
recipe_sample,medical_recipe,49,0.00450614850361411,-0.0007604843049181257,-0.011237884000194903,0.009584868666133173,0.9690502128740751
recipe_sample,medical_recipe,50,0.0035257593828107586,-0.0004884682594656445,-0.010193752812311191,0.009623320358420534,0.7591894180567323
recipe_sample,medical_recipe,51,0.0020359850163329807,-0.0005059570273884025,-0.009148559976041179,0.009153422738752928,0.484907873818635
recipe_sample,medical_recipe,52,-0.005559068876458607,-0.0005565256414636762,-0.01064553886628565,0.009700341093022577,-0.9367989352461823
recipe_sample,medical_recipe,53,0.0036320400257698615,-0.00011350704802146956,-0.01112622969433192,0.012283439516864045,0.6173090113750483
recipe_sample,medical_recipe,54,-0.009061585176989212,-0.00023266460672443238,-0.009570750146439301,0.011305013601014866,-1.5726491541894136
recipe_sample,medical_recipe,55,0.008797317765740484,-0.0005226007263634156,-0.012598504954585525,0.010325590817192379,1.5630302787472217
recipe_sample,medical_recipe,56,-0.006455034232464837,-0.00043821466059938057,-0.010022822203922525,0.009854853637056071,-1.094281166271148
recipe_sample,medical_recipe,57,-0.0008152417655994948,-0.0005832172882919851,-0.011014119889005927,0.011423411982488252,-0.040185477111615124
recipe_sample,medical_recipe,58,-0.00027173522478837753,-0.0004171433880536658,-0.010475816857441408,0.009422142326232064,0.02643140043695771
recipe_sample,medical_recipe,59,0.006397900470224704,-0.00046529503768748536,-0.010957893302108099,0.011502545697381433,1.2172181357148983
recipe_sample,medical_recipe,60,-0.00939756124467539,-0.00029133039687149266,-0.011951187393807128,0.011542173178205134,-1.632089846368457
alchemical_sample,alchemical_notation,1,-0.0417747584937284,-0.0007706921815607498,-0.008931467908805037,0.008272160492821479,-9.045378973348365
alchemical_sample,alchemical_notation,2,-0.017362107083594612,-0.0003189281098774649,-0.007975373666823632,0.008607855369471729,-4.08363187364737
alchemical_sample,alchemical_notation,3,-0.005140746658493595,-0.00033949470231206183,-0.00889661520309453,0.007691804202226302,-1.1531906817721462
alchemical_sample,alchemical_notation,4,-0.001678170603821444,-4.698713481706196e-05,-0.007939911367753814,0.008027527580273738,-0.43090704323473944
alchemical_sample,alchemical_notation,5,-0.0029112020805901473,0.0003506206566475557,-0.006982608281654978,0.007737091060656329,-0.8515150866461987
alchemical_sample,alchemical_notation,6,0.00901288860336999,-0.00020233696053979206,-0.008530971045752823,0.008699605395349932,2.0664844433293474
alchemical_sample,alchemical_notation,7,-0.0034992951779259374,4.3481381146450656e-05,-0.008513397340257495,0.008095816072465789,-0.8034073391156811
alchemical_sample,alchemical_notation,8,-0.0003453423973292513,-0.0004973800148841158,-0.007555373745291624,0.008745566693579829,0.03599138078966675
alchemical_sample,alchemical_notation,9,0.004064900099655391,-0.00026561103236092347,-0.0075374830925678815,0.006573523492568525,1.0771794112864304
alchemical_sample,alchemical_notation,10,-0.0006187029224961199,-0.0004995059337884704,-0.009087962646461,0.008164233087541523,-0.02604573815944692
alchemical_sample,alchemical_notation,11,0.0012840237679208333,0.00018424341021766285,-0.008442992234589372,0.00944216622163907,0.2447968333582044
alchemical_sample,alchemical_notation,12,-0.0018340262355163034,0.0001669153840693781,-0.008425363335327979,0.008209916011815782,-0.4871372713115979
alchemical_sample,alchemical_notation,13,-0.002128288515250744,-0.00023974848385356943,-0.007779779881027835,0.008546750731217079,-0.46686192564310774
alchemical_sample,alchemical_notation,14,-0.0065056502059649066,-0.00030747181400511204,-0.008704142668276467,0.007941585974939602,-1.4476476324201817
alchemical_sample,alchemical_notation,15,-0.005230719946751783,-0.0003501041754668344,-0.00837241017609517,0.0070218719476874275,-1.1621399095704354
alchemical_sample,alchemical_notation,16,-0.0070976659098773084,0.0002184874527876829,-0.00804046917826197,0.007672918628149075,-1.740240936740129
alchemical_sample,alchemical_notation,17,-0.00016352224456091247,-0.0003065590254474228,-0.008651419132332062,0.008324374643210217,0.03242626138955231
alchemical_sample,alchemical_notation,18,-0.002973445155555629,-0.0002250174825996578,-0.008319357105241162,0.008032844152620455,-0.6428440970227476
alchemical_sample,alchemical_notation,19,0.00396635831098284,-0.0006860481061294649,-0.007987086168413211,0.00837025890865506,1.0263555726983036
alchemical_sample,alchemical_notation,20,0.002099956493359284,-0.0007556130472322934,-0.007025279504123433,0.008078559388261727,0.7377415986013671
alchemical_sample,alchemical_notation,21,-0.010784302675109499,-0.00014061366031567003,-0.007951441485307811,0.007786676235812751,-2.398318942906185
alchemical_sample,alchemical_notation,22,-0.0047849876994778134,-0.0005910330395281933,-0.0076187408480924215,0.007494609277852157,-1.0099394411319826
alchemical_sample,alchemical_notation,23,0.010666925269839311,-0.00039606685614494605,-0.009175594415200057,0.00783227960054797,2.520200636964004
alchemical_sample,alchemical_notation,24,0.001868965468500683,-0.0006452122252611408,-0.009473189540951117,0.008485222557347544,0.537398581807565
alchemical_sample,alchemical_notation,25,-0.004728425760383709,-0.0004123211275441276,-0.008510335624865271,0.007877940454554824,-0.9964111463211105
alchemical_sample,alchemical_notation,26,0.004117690330259716,-0.0007404433393493619,-0.009123167172892875,0.006955016938078137,1.1331907617659815
alchemical_sample,alchemical_notation,27,-0.005321374205971244,-0.0005200497026599916,-0.008159595587238985,0.007608300975359569,-1.1066928524545763
alchemical_sample,alchemical_notation,28,-0.011611819855474284,-0.0005692331046856441,-0.00877270313623138,0.007000167526229187,-2.6284520445873802
alchemical_sample,alchemical_notation,29,-0.00402172933940427,0.0001972671894691862,-0.008123969793806307,0.008284992023801785,-0.9759083588467725
alchemical_sample,alchemical_notation,30,0.0019948700721935664,8.356956714305194e-05,-0.008737453160129673,0.009254971082294575,0.41353082698328586
alchemical_sample,alchemical_notation,31,0.004857706679504428,0.0002823988171741504,-0.007456786531736488,0.010857075167032049,0.9851638032256012
alchemical_sample,alchemical_notation,32,-0.005543598951588159,-0.0002245844222135585,-0.008702158648366445,0.00835406371423622,-1.2344205825296026
alchemical_sample,alchemical_notation,33,0.0077452051767940705,0.0001290914327182356,-0.007736627366649838,0.008693072475372252,1.8059612781102732
alchemical_sample,alchemical_notation,34,0.0004987936314268526,-0.0004319901865251081,-0.009614986393857612,0.008400184276180347,0.2066028759325057
alchemical_sample,alchemical_notation,35,0.006842488686410339,-0.00019513382386471698,-0.009597599837143263,0.008107110880529844,1.560733928182604
alchemical_sample,alchemical_notation,36,-0.006417646938520795,0.00016046817849375085,-0.007682669076408209,0.009711385319543728,-1.465416281055795
alchemical_sample,alchemical_notation,37,0.0015096517069530524,-0.00047547958061417843,-0.008297371387004558,0.007520407796798051,0.46984144681975865
alchemical_sample,alchemical_notation,38,-0.0003681589522278733,-0.000518475407924074,-0.008596007053493677,0.007226777756632871,0.03573827166160641
alchemical_sample,alchemical_notation,39,0.009781964664843712,-0.0003557371395247641,-0.009211387661841965,0.008199185304286552,2.425188296138975
alchemical_sample,alchemical_notation,40,0.0031557425717297777,-0.00017072987918853423,-0.0076105652180105815,0.009488864800988789,0.7512630125541163
alchemical_sample,alchemical_notation,41,-0.0012573824178638005,-0.0005019183697168352,-0.008226023532846384,0.007295040768705727,-0.1887781550407079
alchemical_sample,alchemical_notation,42,-0.0021878794765255727,-0.0002281202876789316,-0.007574444749022399,0.007000967164792565,-0.4924583573029963
alchemical_sample,alchemical_notation,43,0.0051219210894981465,-0.0005674608439408443,-0.00787332455234021,0.006706707143380869,1.3826514045317386
alchemical_sample,alchemical_notation,44,0.0003881641416131898,5.366826336334077e-05,-0.007855336175444518,0.007363433640661998,0.07742290368399744
alchemical_sample,alchemical_notation,45,0.0013602532089848768,-0.0004554778408089695,-0.008154494650196839,0.0077034184484393725,0.4434485153205124
alchemical_sample,alchemical_notation,46,0.0001121469013993237,-0.0004287794945397654,-0.00845384294631641,0.009629913398861253,0.11558967287062172
alchemical_sample,alchemical_notation,47,-0.0005020324663624204,-0.000451254935419866,-0.00811866210774611,0.007114597175021248,-0.01124262447456519
alchemical_sample,alchemical_notation,48,0.004280223607547096,-1.818909086560478e-05,-0.007783268455944979,0.009359588686912182,0.9802271652578654
alchemical_sample,alchemical_notation,49,0.012558689434440995,4.8368697699169016e-05,-0.008082784049204608,0.007795272476676621,2.7999012122202727
alchemical_sample,alchemical_notation,50,0.00654762442640916,-0.0004584111517356968,-0.009653137962409138,0.007500610449280826,1.5583420914185135
alchemical_sample,alchemical_notation,51,-0.00042054961562841553,-0.00015839518283528205,-0.007411334490112047,0.007841287054215856,-0.0632289538831328
alchemical_sample,alchemical_notation,52,0.004367812786045366,0.0001656513111566149,-0.008664609337285849,0.009771500007914394,0.9043982872626831
alchemical_sample,alchemical_notation,53,-0.0041953107503402,-0.0004576318950142923,-0.008964786108050841,0.006615500060470611,-0.914819157729819
alchemical_sample,alchemical_notation,54,-0.0009954337291789433,-0.0006837288945733478,-0.00799288919991687,0.006956220214841394,-0.07536118000074858
alchemical_sample,alchemical_notation,55,-0.0003388593634289644,-0.00045180877481936513,-0.008293043264160756,0.00793349189333209,0.025734066220416994
alchemical_sample,alchemical_notation,56,-0.0019097473946454169,9.375356016043157e-05,-0.0070020452940725356,0.008911385641637196,-0.5041040926819309
alchemical_sample,alchemical_notation,57,-0.011440884319864557,-0.0003695694519880868,-0.008893924752847684,0.007342942486884885,-2.8202112542248576
alchemical_sample,alchemical_notation,58,0.0003594875849002449,-0.00021853789280676432,-0.008557709867329039,0.008321271024390675,0.12743668797944752
alchemical_sample,alchemical_notation,59,0.006433067754656935,-8.174588025864883e-05,-0.008858426351746378,0.008025931724073954,1.4825504203703415
alchemical_sample,alchemical_notation,60,-0.006609939978601195,0.0002479312769756038,-0.008521985867702545,0.00900510144905975,-1.4857337241977726
glossolalia_sample,glossolalia_control,1,-0.046215712769997384,-0.0004484682107941482,-0.009328955115995172,0.00948329128754595,-9.565747394600477
glossolalia_sample,glossolalia_control,2,-0.02000882842155228,-0.0009811531447995192,-0.011152739860666679,0.007297444641178333,-3.9749298219754072
glossolalia_sample,glossolalia_control,3,-0.01223959126074213,-0.0007464203489665777,-0.009655611932576767,0.008063103460557233,-2.4226631328871036
glossolalia_sample,glossolalia_control,4,-0.007049549641172152,-0.0004413517091189877,-0.00926520695284131,0.009567880196346315,-1.34381605831555
glossolalia_sample,glossolalia_control,5,0.005901991824441094,-0.0005922822797332767,-0.008874513532042105,0.0077490549940014836,1.4481010026918724
glossolalia_sample,glossolalia_control,6,-0.00035345004958674264,-0.0005659408108579978,-0.008853080500436712,0.007407082101189302,0.04682098901150853
glossolalia_sample,glossolalia_control,7,-0.0003288589786046153,-0.0003843118436693177,-0.00994068892315176,0.009652656733040485,0.010833046448573217
glossolalia_sample,glossolalia_control,8,-0.0006740722041676112,-0.00036342131659366275,-0.00807052190830964,0.00783184495559569,-0.06641943024422509
glossolalia_sample,glossolalia_control,9,-0.001389500163896773,-0.00035176431484018714,-0.008048767644473931,0.00822944175249242,-0.23496090676201423
glossolalia_sample,glossolalia_control,10,-0.0013652652279632638,-0.00025497655290776777,-0.00950738217837039,0.008627332847536348,-0.23695510304747627
glossolalia_sample,glossolalia_control,11,0.0031017866164751856,-0.0003043592554241204,-0.008375444038837672,0.008285052073713231,0.7580650186500208
glossolalia_sample,glossolalia_control,12,-0.005761185945127513,-0.0006371118710534482,-0.009464889648831229,0.007572147388205802,-1.0644119001933887
glossolalia_sample,glossolalia_control,13,0.003153638475439771,-6.977760458987553e-05,-0.009073112172948532,0.009081760001931047,0.696109147277519
glossolalia_sample,glossolalia_control,14,0.00021443385554788252,0.00022925965243445775,-0.009051689198566283,0.010221846753991168,-0.0030547194253822177
glossolalia_sample,glossolalia_control,15,0.00023930843134016555,-0.0002371468893865761,-0.010142597389942755,0.009138084849582645,0.10011068849274299
glossolalia_sample,glossolalia_control,16,-0.005670516640808358,-0.0001030092224107399,-0.008637875691253474,0.008053518967500256,-1.2550453462183635
glossolalia_sample,glossolalia_control,17,-0.0019372321211736931,-0.0004622785033629379,-0.01047155494121079,0.008081320754522017,-0.3064173779782141
glossolalia_sample,glossolalia_control,18,0.0066243621865230695,-8.499193374420125e-05,-0.009337033507612058,0.0095939241761296,1.4192286721645961
glossolalia_sample,glossolalia_control,19,-0.0030030063024324566,-0.00011960489136674333,-0.00820166950332367,0.008508319356683766,-0.6397801918989646
glossolalia_sample,glossolalia_control,20,-0.0014933966104733881,-0.00039012766545111504,-0.010037230191454104,0.00927926312206745,-0.2172672693707049
glossolalia_sample,glossolalia_control,21,0.0033618166561359547,-0.00040815733122934303,-0.01001610976526874,0.007821125463270837,0.824850380433937
glossolalia_sample,glossolalia_control,22,0.0004139482969212349,-0.0005395833015917937,-0.008879732000476558,0.008592386958631251,0.19898277907067907
glossolalia_sample,glossolalia_control,23,-0.0029079980603293615,-0.0009388645534494922,-0.009601936327343137,0.008992336636583956,-0.41752217859930435
glossolalia_sample,glossolalia_control,24,0.003440202943761378,3.0604729475652396e-05,-0.008092535151476732,0.009392583896142323,0.7374120318619038
glossolalia_sample,glossolalia_control,25,0.0038385328656072998,-6.358845929036446e-05,-0.009187146330522221,0.007932317755819415,0.879571144855735
glossolalia_sample,glossolalia_control,26,-0.000975052082299685,-0.0001355137353153275,-0.00916567010165932,0.00870476921330715,-0.1760913257175817
glossolalia_sample,glossolalia_control,27,-0.0020678277824956043,0.00013328953594013646,-0.008771738397020744,0.007615598660707379,-0.5260183767077877
glossolalia_sample,glossolalia_control,28,0.0013095211255795547,0.0004488653878746299,-0.008377513151618651,0.00950624243705496,0.19007848513567735
glossolalia_sample,glossolalia_control,29,0.005062104732803496,-0.0007355098777071389,-0.010219296683521527,0.009907427133101651,1.181794401466805
glossolalia_sample,glossolalia_control,30,0.000987509058601052,-0.00013292345444892463,-0.009452461112912744,0.008444630609682327,0.23797381297971665
glossolalia_sample,glossolalia_control,31,-0.005701092281900688,-0.0004754302155075636,-0.010177034094657138,0.008099728307431636,-1.1313975784289292
glossolalia_sample,glossolalia_control,32,-0.008290207503999815,-0.00029393884728341014,-0.008663341832358055,0.008500837272119574,-1.7891761767742078
glossolalia_sample,glossolalia_control,33,0.006289330416699046,0.00031881903185393846,-0.008268340355977358,0.008155698464478056,1.3014815117028307
glossolalia_sample,glossolalia_control,34,-0.007873043882228169,-0.00033383551777709485,-0.01048693484563372,0.010050779866838291,-1.5484844613016697
glossolalia_sample,glossolalia_control,35,0.007838199768565257,0.0002831007771569587,-0.008224557048767588,0.008958857220937325,1.6683615941236585
glossolalia_sample,glossolalia_control,36,0.01122934718890338,-0.00010473352858542004,-0.009697409163861942,0.0078661184893518,2.4361160476737695
glossolalia_sample,glossolalia_control,37,-0.002947063411378806,-0.000816222289883493,-0.010423698925397518,0.009015553411051078,-0.43348260951336975
glossolalia_sample,glossolalia_control,38,-0.0021752140345482757,-0.00047177349602920885,-0.00890670244142936,0.009043933310253507,-0.3660896333506867
glossolalia_sample,glossolalia_control,39,0.0015901047394965007,-0.0002486532103725653,-0.0092591283319588,0.009820557414393624,0.36270751017657865
glossolalia_sample,glossolalia_control,40,-0.002501039571208688,-0.00045949765504102897,-0.009611818014322468,0.008726505338970944,-0.44070245045580925
glossolalia_sample,glossolalia_control,41,0.00014380178314737924,0.00047326640313987594,-0.008467205330293284,0.009129200510215887,-0.07063280320155993
glossolalia_sample,glossolalia_control,42,0.00016890144563404264,-0.0001850311386356375,-0.008819862599309794,0.01028126099619582,0.07320851480401193
glossolalia_sample,glossolalia_control,43,-0.0005553244073064345,-0.000551577685687866,-0.009547456291907425,0.009560823962869641,-0.0007834176951393711
glossolalia_sample,glossolalia_control,44,0.007715409090687908,8.984687179734816e-05,-0.008026719844844321,0.008090221684391066,1.6767039532302945
glossolalia_sample,glossolalia_control,45,0.002119079021751624,-0.00031436679752097353,-0.00800465551143175,0.008118329115489903,0.5476606821836542
glossolalia_sample,glossolalia_control,46,-0.003106355570867275,5.568493926024081e-05,-0.008357668399074342,0.009646832726206978,-0.6529421421978234
glossolalia_sample,glossolalia_control,47,-0.0038328974314731368,-0.0006002520280960438,-0.009461415255112932,0.008925076302110313,-0.6643502146122588
glossolalia_sample,glossolalia_control,48,-0.0038092339931755648,-0.00016996972891130633,-0.010941366125307703,0.00820277801883644,-0.745931216860249
glossolalia_sample,glossolalia_control,49,0.001471675906585257,-0.000133656425371191,-0.008291748802389594,0.0086064862708361,0.3413850315414298
glossolalia_sample,glossolalia_control,50,0.006380896031665209,-0.0001762038932033215,-0.00826974258591557,0.009010497834820733,1.4492927990721893
glossolalia_sample,glossolalia_control,51,0.0007714458975381505,-0.0002958220468436705,-0.008623518401597523,0.008287417336846667,0.2264108532439202
glossolalia_sample,glossolalia_control,52,0.0034284548234606305,-0.00018056773293036326,-0.00935350006375743,0.008691612718197461,0.7367002597578461
glossolalia_sample,glossolalia_control,53,0.002702731149853893,-0.00026266937665984577,-0.009707949557178838,0.008343949653050589,0.6290363155398557
glossolalia_sample,glossolalia_control,54,-0.0047955476205727085,-1.5637914026444057e-05,-0.008933997582950451,0.009500915885823066,-1.020546488326999
glossolalia_sample,glossolalia_control,55,0.001249644983655998,-0.0003197942335062288,-0.00853582735356645,0.008400567076241594,0.3492212216964739
glossolalia_sample,glossolalia_control,56,-0.011525911514069946,0.0002399017389420901,-0.00851386332129888,0.0076758957148456985,-2.632451946777089
glossolalia_sample,glossolalia_control,57,0.00469079145600243,-0.00023952869465671323,-0.007738587075071031,0.008457269798751957,1.104358766706578
glossolalia_sample,glossolalia_control,58,-0.0035716188346862493,0.00024337739741622723,-0.008093095850511434,0.010369601964108022,-0.8163770588717748
glossolalia_sample,glossolalia_control,59,-0.002793895246966105,-4.98319224278531e-05,-0.008447871877196027,0.007760194462796424,-0.6346301229000756
glossolalia_sample,glossolalia_control,60,0.0028863756436105503,-0.0009239561814271704,-0.009557063270416617,0.0074112625214385885,0.8667080682597065
pseudo_script_sample,ornamental_pseudo_script,1,-0.02605984071184058,-7.229058315199516e-05,-0.0017586495943449076,0.0018805435582258806,-26.721698613559024
pseudo_script_sample,ornamental_pseudo_script,2,-0.013621061813603869,-5.408307247162791e-06,-0.0019371965611318237,0.0017858383707522185,-14.440666033856935
pseudo_script_sample,ornamental_pseudo_script,3,-0.017008065808860787,-7.559600650721366e-05,-0.0020678625359027702,0.001631274332161342,-17.781771929942074
pseudo_script_sample,ornamental_pseudo_script,4,0.006133604548130639,0.00010381955555296508,-0.0014802440368427705,0.0016802214135235582,7.044995710018949
pseudo_script_sample,ornamental_pseudo_script,5,0.00369251261735723,7.666939747480235e-05,-0.0017425953066470268,0.001848885700404257,3.795118563658483
pseudo_script_sample,ornamental_pseudo_script,6,-0.0008915804170180341,0.00017582051677822452,-0.0018493201512452262,0.002245017212576153,-1.0518349074594828
pseudo_script_sample,ornamental_pseudo_script,7,0.0020305918195177852,3.769115028915158e-05,-0.0015968908511714286,0.001934816699499603,2.114133526882357
pseudo_script_sample,ornamental_pseudo_script,8,-0.002661379173229117,-8.613494374916333e-05,-0.0016916444734876857,0.0018999655255545478,-2.6968510904337974
pseudo_script_sample,ornamental_pseudo_script,9,-0.0010321532349475554,-0.00010071789068759398,-0.001834289071263942,0.001601725630568998,-1.0278400127428136
pseudo_script_sample,ornamental_pseudo_script,10,-0.0017255183646941868,-5.280567642943858e-05,-0.002324134364502614,0.0016746205142177811,-1.7805779171254394
pseudo_script_sample,ornamental_pseudo_script,11,0.00027490415320648165,-3.955259626971387e-05,-0.0017604146136297877,0.0017355446799948715,0.32457189603449466
pseudo_script_sample,ornamental_pseudo_script,12,-5.928373015434696e-05,6.206428362980215e-06,-0.001651640418052422,0.0017366072712345082,-0.06876289015683654
pseudo_script_sample,ornamental_pseudo_script,13,-0.001650618368011142,5.507946372384678e-05,-0.0017344276181577994,0.0018334518880859796,-1.828856735131537
pseudo_script_sample,ornamental_pseudo_script,14,-0.0010389787316560511,-3.738633683790682e-05,-0.0022242951752278056,0.0018345156770027682,-0.9569489877795777
pseudo_script_sample,ornamental_pseudo_script,15,0.00029105775434490333,8.105069025325075e-05,-0.0018281697453258333,0.0021588514828682764,0.20524484727900424
pseudo_script_sample,ornamental_pseudo_script,16,0.0008907621052042375,3.521852282877276e-05,-0.002222264714719119,0.002016241032407315,0.9045990732172391
pseudo_script_sample,ornamental_pseudo_script,17,-0.001059837074765313,-6.850576093252445e-05,-0.001909943038677711,0.0018736271669042709,-0.9902556340654401
pseudo_script_sample,ornamental_pseudo_script,18,0.0005216897396811832,-8.063550757089602e-05,-0.001992738287809881,0.0017908772202243073,0.6060588307019358
pseudo_script_sample,ornamental_pseudo_script,19,0.0007622100890203182,0.00011503645969935827,-0.0016085647232932931,0.002127201647625157,0.6870391571487838
pseudo_script_sample,ornamental_pseudo_script,20,-0.0007693793245518582,-7.424306323664045e-05,-0.0018949121565840221,0.00196063648080283,-0.704337237076544
pseudo_script_sample,ornamental_pseudo_script,21,0.0016264327684457208,-4.183041780822523e-05,-0.0018220495401215786,0.001818015118921698,1.634970661927177
pseudo_script_sample,ornamental_pseudo_script,22,-8.479357972600299e-05,-6.0043946791731025e-06,-0.0015935226550906206,0.0018550009457427852,-0.08638905301855623
pseudo_script_sample,ornamental_pseudo_script,23,0.0010897173530920873,-5.058415685245503e-05,-0.001867906010935061,0.001915936025634099,1.151363154088263
pseudo_script_sample,ornamental_pseudo_script,24,-0.00037009553555421293,3.152339346199746e-05,-0.0017950404536497822,0.0018331806403247136,-0.40038765914283714
pseudo_script_sample,ornamental_pseudo_script,25,-0.00035708352240046426,-9.524518197414067e-06,-0.0018538923260311146,0.0019899126816924073,-0.347854195001804
pseudo_script_sample,ornamental_pseudo_script,26,-0.00026024890088813257,2.295071592423793e-05,-0.0018408979249570773,0.0018592577450225467,-0.28684443184932235
pseudo_script_sample,ornamental_pseudo_script,27,0.0009143161888281459,8.326803832940786e-05,-0.0018159284554616767,0.0018363724941365678,0.8737663038341619
pseudo_script_sample,ornamental_pseudo_script,28,-0.0012520878605778302,-6.034575203731462e-05,-0.0019226822946440264,0.0018015117945450465,-1.3328086047969616
pseudo_script_sample,ornamental_pseudo_script,29,0.0006290210792494477,3.804031576817926e-06,-0.0015983371062918555,0.0018504755680947282,0.6859654967885996
pseudo_script_sample,ornamental_pseudo_script,30,-0.0003997954686980332,-4.4346563013111794e-06,-0.0017769420210415748,0.0016359863912880773,-0.41968825073242666
pseudo_script_sample,ornamental_pseudo_script,31,-0.00014727625990157422,5.049948109935379e-06,-0.0019196252210416098,0.0015771713779644397,-0.17344639808078138
pseudo_script_sample,ornamental_pseudo_script,32,-0.0007450096732738998,-2.3506389761267233e-06,-0.0019545325703806266,0.0016141587497956744,-0.8110439582356115
pseudo_script_sample,ornamental_pseudo_script,33,0.00030987783156238846,-6.88510763810294e-05,-0.001678074697089263,0.001782878801587423,0.41290313585434213
pseudo_script_sample,ornamental_pseudo_script,34,-0.0003237917068456969,-9.942582339378254e-05,-0.0018087860782379783,0.0019156756113023893,-0.24871673148702336
pseudo_script_sample,ornamental_pseudo_script,35,2.454774458975073e-05,-7.281635883414926e-05,-0.0017119584050371978,0.0017490779897365305,0.1016887103375052
pseudo_script_sample,ornamental_pseudo_script,36,0.0007681051203234229,0.00017008116822763035,-0.0013037511671017132,0.0023489434436767265,0.6540915119171441
pseudo_script_sample,ornamental_pseudo_script,37,-4.5224567084362066e-05,-2.276920833753089e-05,-0.0014703913355486181,0.0017032993673340296,-0.02572582960114254
pseudo_script_sample,ornamental_pseudo_script,38,0.0005666101008292429,-3.7029605614275623e-06,-0.0016609881649974623,0.00165645656421759,0.6266991491480279
pseudo_script_sample,ornamental_pseudo_script,39,-0.0006419652619248789,-6.673501413153412e-05,-0.0017078718214419697,0.0017293774210457719,-0.6191444257875176
pseudo_script_sample,ornamental_pseudo_script,40,-0.00018581916677355703,-4.5453161216384846e-05,-0.0020661487634009296,0.0018023000245649679,-0.15101806891922107
pseudo_script_sample,ornamental_pseudo_script,41,0.0004859196260505738,-0.0001176494499419832,-0.0018495495637212561,0.001491967892413848,0.6642924643245001
pseudo_script_sample,ornamental_pseudo_script,42,-0.0002196699702600169,-0.00010810506739272863,-0.0019682986142344067,0.001457097222592199,-0.11777613896694727
pseudo_script_sample,ornamental_pseudo_script,43,-0.0015840143266006995,6.660309042828689e-05,-0.001655876638411255,0.002116894731643712,-1.7053235467079604
pseudo_script_sample,ornamental_pseudo_script,44,0.0011238550777936257,5.244911550164599e-06,-0.0018225349955068026,0.0014831709403912846,1.2474904242548661
pseudo_script_sample,ornamental_pseudo_script,45,-0.0011388062847353247,5.388897978988519e-06,-0.0018095372617268346,0.0016758683508541483,-1.2261329259594156
pseudo_script_sample,ornamental_pseudo_script,46,-0.0004790161599331627,9.973578640772723e-05,-0.0015689670522555932,0.0016529756953788804,-0.6495871366150673
pseudo_script_sample,ornamental_pseudo_script,47,0.0012467984660637643,6.855941660815836e-05,-0.0015200330925846661,0.0018217245042244923,1.260381322274508
pseudo_script_sample,ornamental_pseudo_script,48,-0.0006446318817169561,9.391737087025648e-05,-0.0018783421155230129,0.0018347663551554205,-0.7884339977946084
pseudo_script_sample,ornamental_pseudo_script,49,0.00029067986375402866,-2.751338788993085e-05,-0.0019012781656397582,0.0017639631294121688,0.33672648761670054
pseudo_script_sample,ornamental_pseudo_script,50,0.0005073306435959268,1.2816593336018381e-05,-0.0016367414163901695,0.0016692020950967862,0.5331959218575603
pseudo_script_sample,ornamental_pseudo_script,51,-0.0009649395407885647,-3.0160838027571968e-05,-0.0018034135181497352,0.0024488473670392086,-0.9214864493808101
pseudo_script_sample,ornamental_pseudo_script,52,0.0005333841066945122,3.664221603283967e-05,-0.001694587720242391,0.002078590373763664,0.5046260814393874
pseudo_script_sample,ornamental_pseudo_script,53,0.0015765611572332305,3.181552039700213e-05,-0.001777415101406235,0.0017562384568032136,1.6157228364927385
pseudo_script_sample,ornamental_pseudo_script,54,-0.0015607787137907614,-1.2660556583210872e-05,-0.0017165009054009028,0.0015297078581648915,-1.8294804219432494
pseudo_script_sample,ornamental_pseudo_script,55,-0.00032594137898041275,0.00012008825650552508,-0.001655585250040878,0.0019140892866800485,-0.4539347739575952
pseudo_script_sample,ornamental_pseudo_script,56,-0.0019420567313445936,5.8063057826487e-05,-0.0016665416379090248,0.002034943747812115,-2.111867645585585
pseudo_script_sample,ornamental_pseudo_script,57,-0.00059938283408556,6.281963599674832e-05,-0.0017853098336902407,0.001640701498501096,-0.7254873334974586
pseudo_script_sample,ornamental_pseudo_script,58,-0.0011134534042575445,-3.478597092180014e-05,-0.0015926215683247091,0.001821451600653945,-1.2706816661955327
pseudo_script_sample,ornamental_pseudo_script,59,-0.00020199392592683274,-6.950234141850642e-05,-0.002082751499869334,0.0017865777764582702,-0.12403553755683146
pseudo_script_sample,ornamental_pseudo_script,60,-0.0005603386677437427,-2.791018530565903e-05,-0.0019020416722001082,0.0017996210811661306,-0.537983902809965
mnemonic_sample,mnemonic_notation,1,-0.04024663811878054,-1.9581842582778315e-06,-0.004406197005659154,0.004036983833489632,-18.295162208853096
mnemonic_sample,mnemonic_notation,2,-0.013706665931538187,-0.00018736556965640337,-0.003970322660816157,0.0042150986729767165,-6.016605369307355
mnemonic_sample,mnemonic_notation,3,-0.007067333128666829,6.772860131097902e-06,-0.004137561478516051,0.004479413963103959,-3.171901615691896
mnemonic_sample,mnemonic_notation,4,-0.0037877660388594414,-5.54323608173898e-05,-0.004391006300838073,0.004312888907710713,-1.6462869097205044
mnemonic_sample,mnemonic_notation,5,-0.0007661874749350442,-0.00018788875908569972,-0.004472125594386915,0.004577258185669966,-0.2378317612992838
mnemonic_sample,mnemonic_notation,6,0.0032902163912758436,-8.33398921235791e-05,-0.004380874799898113,0.0057035933952406664,1.4454950802221012
mnemonic_sample,mnemonic_notation,7,-0.002996616290420147,-0.0002576282721458626,-0.0042034088083065385,0.0038131414890816145,-1.225715729444033
mnemonic_sample,mnemonic_notation,8,-0.002905222563957803,-6.039497775090819e-05,-0.004456946701888849,0.004249949849835288,-1.2954686348845508
mnemonic_sample,mnemonic_notation,9,-0.003417313380348036,-0.00015884282254133246,-0.004279456668562526,0.004514404871225369,-1.493295170636944
mnemonic_sample,mnemonic_notation,10,0.004175353159561704,6.516174724924044e-05,-0.0037570489787379993,0.004347796684307362,1.8727980989838704
mnemonic_sample,mnemonic_notation,11,-0.0035794679841467322,-0.00013547384773214666,-0.005131593533857864,0.004181159764408929,-1.4727647084024078
mnemonic_sample,mnemonic_notation,12,-0.004091749428155919,0.00015842304511072064,-0.003919276161512247,0.004445677270705772,-2.011270630914664
mnemonic_sample,mnemonic_notation,13,0.0032440912008932787,-0.00028286007120676744,-0.004086654810318467,0.004106531908094638,1.6190689900796855
mnemonic_sample,mnemonic_notation,14,0.0020422978538564007,-0.00032703110940045347,-0.004340313841848284,0.00385357955128611,1.0764313793614915
mnemonic_sample,mnemonic_notation,15,-0.002696319748049271,-0.0002457029965613085,-0.004852793482199191,0.0043769140999624645,-1.0261033961690078
mnemonic_sample,mnemonic_notation,16,0.002053548050734849,-4.7680293203616885e-06,-0.0045026976359456156,0.0036926094724049757,1.0214894804179986
mnemonic_sample,mnemonic_notation,17,7.487644270312566e-05,9.739698677593243e-06,-0.004670184380349239,0.004129746600584253,0.03062980163106586
mnemonic_sample,mnemonic_notation,18,-0.00302579321047234,-0.00018541357285370202,-0.004320012364915825,0.004480677885299877,-1.309088070853796
mnemonic_sample,mnemonic_notation,19,0.009836415612553218,-0.0001519354099681418,-0.004056068639755009,0.00396878251219944,4.762091458675332
mnemonic_sample,mnemonic_notation,20,0.002076060094678367,-3.7764551507350963e-05,-0.005259114223581905,0.004147168137481255,0.861715028883332
mnemonic_sample,mnemonic_notation,21,0.0069146930370576065,-0.00015314160521390932,-0.004218473442617908,0.0040666737050475965,3.1218893275085096
mnemonic_sample,mnemonic_notation,22,0.0026051883362368383,8.015812736406378e-05,-0.00343658621926117,0.0036409211171793687,1.2314299244325042
mnemonic_sample,mnemonic_notation,23,0.003474050574613183,-2.7459999404949483e-05,-0.004208297289003578,0.00407828018186393,1.439547167583654
mnemonic_sample,mnemonic_notation,24,0.00952262083478482,-0.00010963054643065618,-0.00454851176190027,0.004515714757436742,4.007270156456459
mnemonic_sample,mnemonic_notation,25,0.005298558542122148,-0.00014778523755496064,-0.004802451558887949,0.0034855567291203343,2.560238565362064
mnemonic_sample,mnemonic_notation,26,-0.0016028002558578364,-1.715010907835466e-05,-0.004193026468947113,0.004095697412938554,-0.6800367095321991
mnemonic_sample,mnemonic_notation,27,0.0004748753371822956,3.4930600112952833e-05,-0.004446979424928076,0.004187853491055021,0.1881389871803857
mnemonic_sample,mnemonic_notation,28,0.00022130355122294831,4.470596918495016e-05,-0.004960043599036117,0.004711804414780807,0.07505535566633939
mnemonic_sample,mnemonic_notation,29,0.006099478276743703,-3.7062011709531225e-05,-0.004091384492061895,0.003767670694050901,2.962222589880404
mnemonic_sample,mnemonic_notation,30,0.0005777356028389136,-0.00025876465627319457,-0.004259023768382379,0.0037734516159672604,0.387409103247489
mnemonic_sample,mnemonic_notation,31,0.001965292100969393,-0.00020625493194069547,-0.004167557514647785,0.0039519898637749434,0.9566870018467565
mnemonic_sample,mnemonic_notation,32,0.006290199593657245,-0.0003653809177456655,-0.0042488467090379956,0.0042169445832909574,3.022460681014971
mnemonic_sample,mnemonic_notation,33,-0.0007016402298548746,-5.844368557841997e-05,-0.004502936126183167,0.0037908003748967495,-0.2997727656015866
mnemonic_sample,mnemonic_notation,34,0.007598209623525434,-0.00010137565382033843,-0.0038066633676617084,0.003969386399056793,3.6472440527805037
mnemonic_sample,mnemonic_notation,35,0.0017285787631501764,-0.00016332480550099266,-0.004492798580667312,0.004407227341738276,0.8525058255656969
mnemonic_sample,mnemonic_notation,36,-0.0006854471250267308,6.679967760029656e-05,-0.004228482036882954,0.004758728471240134,-0.33733786777349056
mnemonic_sample,mnemonic_notation,37,0.0031225624157328047,8.177078147474224e-05,-0.003877696853129005,0.005196713310210391,1.2934344265736724
mnemonic_sample,mnemonic_notation,38,-6.963409198808279e-05,-7.222700469335735e-05,-0.004564016114459994,0.005202621742065497,0.0010556070104758913
mnemonic_sample,mnemonic_notation,39,0.006850851188430415,-1.7936087911533636e-05,-0.004991140340655946,0.004689903829108083,2.819431525887922
mnemonic_sample,mnemonic_notation,40,0.0027939714075211897,-0.0001092962273335862,-0.0040352125482188,0.004090651905446496,1.3802263072145609
mnemonic_sample,mnemonic_notation,41,0.00582552304707,-0.0001989431066431491,-0.0042894592300977905,0.004010013407578325,2.6868600589346574
mnemonic_sample,mnemonic_notation,42,0.004015821280365928,-0.0003642582631236117,-0.005062511764766353,0.0036699800215037465,2.0960292309772472
mnemonic_sample,mnemonic_notation,43,0.0019464031795906611,-0.0002857628385675822,-0.003933406591269686,0.004281033529785205,1.038338068130266
mnemonic_sample,mnemonic_notation,44,0.00428686584358523,-0.0003196716866811195,-0.004706562036041202,0.004632766915878536,2.02054094416669
mnemonic_sample,mnemonic_notation,45,0.0025630442323335834,1.2668032385466065e-05,-0.004355575503029216,0.00429269916617428,1.1578035031538747
mnemonic_sample,mnemonic_notation,46,-0.0018422725910978363,-4.889774245573745e-05,-0.004609959842438435,0.004471513951022896,-0.7871498128537576
mnemonic_sample,mnemonic_notation,47,0.00023897657166165043,0.00010836503286743109,-0.003826415695443265,0.004477364254388064,0.060393935418033305
mnemonic_sample,mnemonic_notation,48,0.004396710379605012,0.000243596192753805,-0.003907787890291177,0.004569720760227852,1.8551639733034848
mnemonic_sample,mnemonic_notation,49,-0.0012207685931752213,-3.8572901506393546e-05,-0.003989174164591436,0.004575580571977475,-0.5315562933484794
mnemonic_sample,mnemonic_notation,50,-0.0010423689501002573,1.929371408653062e-06,-0.004330134999589785,0.0038027599649369526,-0.47505593098950516
mnemonic_sample,mnemonic_notation,51,-0.0005178278516920626,-0.0002591101913996004,-0.004151988966168148,0.0046738308832737635,-0.1168787531775448
mnemonic_sample,mnemonic_notation,52,-0.0013777581030418456,-0.00034366326053578806,-0.0051853039666624745,0.004593166092181411,-0.42712052582852067
mnemonic_sample,mnemonic_notation,53,0.0007046119605800122,4.8186170878584715e-05,-0.004487945373907218,0.004166316850238161,0.3030231395590027
mnemonic_sample,mnemonic_notation,54,0.003825943833110232,-0.00013978232233376634,-0.004742517305889246,0.004691444958261709,1.667213692657395
mnemonic_sample,mnemonic_notation,55,0.0011484565819275816,-0.00016505506007017426,-0.004997133308144268,0.004091415120835204,0.5607631306799683
mnemonic_sample,mnemonic_notation,56,0.0004615030067748327,-7.563341981796323e-05,-0.00412644713172932,0.004789757854420262,0.24681125164656087
mnemonic_sample,mnemonic_notation,57,0.003756769680332131,0.00010946641654545092,-0.0042079087024918735,0.004276205227038046,1.6511435813614208
mnemonic_sample,mnemonic_notation,58,-0.003423583513353236,-0.0002002068899766131,-0.004289384379154097,0.004108884019114287,-1.5340065020010702
mnemonic_sample,mnemonic_notation,59,-4.149499835277848e-05,-6.357483210462163e-05,-0.004284286582039665,0.003768358668631372,0.009966159927239445
mnemonic_sample,mnemonic_notation,60,0.005073080889095721,-0.00017371509289250628,-0.004105997739238192,0.004380320237900706,2.337044546593477
