group,label,family,section,lag,observed,null_mean,null_q025,null_q975,z_score
voynich_global,voynich_global,voynich,global,1,-0.024950117808598057,-1.0950303688352232e-05,-0.001766710230880958,0.0018137850510082099,-26.833600121667153
voynich_global,voynich_global,voynich,global,2,-0.01307014395977224,-2.902165864778726e-05,-0.0017657024159495882,0.0016950853024453039,-14.317230976527041
voynich_global,voynich_global,voynich,global,3,-0.017104909651246544,5.6372172813995144e-05,-0.0015491412034703417,0.0017440353347424609,-18.545664687531936
voynich_global,voynich_global,voynich,global,4,0.006044228979997748,8.626239117072839e-05,-0.001667884067125175,0.0018528631935179063,6.129015242481698
voynich_global,voynich_global,voynich,global,5,0.003662210999310425,-1.809174067807756e-05,-0.0018225561974705845,0.0015545275350452442,3.821265818419296
voynich_global,voynich_global,voynich,global,6,-0.0007197921799441398,6.676638681393545e-05,-0.0014742560914203784,0.0016154532603394473,-0.9405942038782786
voynich_global,voynich_global,voynich,global,7,0.0021793624094013364,-1.3638007493203125e-06,-0.0018205417845102156,0.0017362592501955626,2.3832699050370643
voynich_global,voynich_global,voynich,global,8,-0.0028734141360997334,-0.00012224947938903246,-0.0017117514015216745,0.0019408994649349892,-3.027888853861953
voynich_global,voynich_global,voynich,global,9,-0.0008364913469072754,-6.230834342197539e-07,-0.001746670987625834,0.0021934487728531987,-0.833271009104814
voynich_global,voynich_global,voynich,global,10,-0.001877400940790322,-9.474378795568464e-06,-0.00215285334141789,0.002074742198648491,-1.9298773463745007
voynich_global,voynich_global,voynich,global,11,0.0003032985838781199,-1.7367779388069367e-05,-0.0015171043000232892,0.0017644114249042303,0.36421946495701335
voynich_global,voynich_global,voynich,global,12,-0.00013879838235671127,-0.00010676130318021976,-0.0021388702412259014,0.0010947788719159052,-0.040134997494029344
voynich_global,voynich_global,voynich,global,13,-0.0017067083718972503,-7.525297283621453e-05,-0.001850427831512097,0.0016946521723204544,-1.7876154954713754
voynich_global,voynich_global,voynich,global,14,-0.0007954655477361017,7.153247609765406e-05,-0.0018494208744023605,0.0020310510101416157,-0.9642311603855412
voynich_global,voynich_global,voynich,global,15,0.0004990601768208452,-3.936174571250915e-05,-0.002040044429498164,0.0018644277481433408,0.5808867162042388
voynich_global,voynich_global,voynich,global,16,0.0008234757011388455,1.0114101962870533e-05,-0.001500072380736267,0.0018295480664868302,0.9227016273853033
voynich_global,voynich_global,voynich,global,17,-0.0008882242247533617,1.2101554962057476e-05,-0.0016308103407884217,0.0020581658485470528,-0.9505508279346774
voynich_global,voynich_global,voynich,global,18,0.00029855085384769553,5.648883518700583e-05,-0.0019891208712484176,0.0017238541799547147,0.265128622936244
voynich_global,voynich_global,voynich,global,19,0.0007786829039442417,-4.285260929087951e-05,-0.0017964757976966506,0.0017847914199341924,0.8655019632726422
voynich_global,voynich_global,voynich,global,20,-0.0008612133099928088,-1.8228006539655826e-05,-0.001591848483488728,0.001917595874450645,-0.9308269758570326
voynich_global,voynich_global,voynich,global,21,0.001655137124781006,3.538338771699984e-05,-0.0016387494217885573,0.0017868925866438151,1.656110922229875
voynich_global,voynich_global,voynich,global,22,-8.061117796276385e-05,8.174942907785698e-05,-0.0014940048799762656,0.0015962966040871246,-0.1850050716908501
voynich_global,voynich_global,voynich,global,23,0.0011062446505657186,1.5684174248282307e-06,-0.0018762913434931666,0.0017889938540249783,1.231508706297652
voynich_global,voynich_global,voynich,global,24,-0.00023427121987380783,-3.91463471421756e-05,-0.0018273717768600845,0.0015744369312910428,-0.21382546082503295
voynich_global,voynich_global,voynich,global,25,-0.0004009415753851997,1.3509097797681224e-05,-0.0016586676067205514,0.0016952684768403586,-0.4752391648272282
voynich_global,voynich_global,voynich,global,26,-0.00031606770441588994,-3.0201120800069926e-05,-0.0017534861009756847,0.001720275024043802,-0.31252542923960436
voynich_global,voynich_global,voynich,global,27,0.0009307353219131509,3.329635303363686e-05,-0.0016326915245926804,0.0019489188824411557,0.9279253006152463
voynich_global,voynich_global,voynich,global,28,-0.0011884671667126562,2.3006102654019934e-05,-0.0013801275445231853,0.0018301837838030494,-1.3498394497701072
voynich_global,voynich_global,voynich,global,29,0.0006093854667868492,-1.8309789561974585e-05,-0.001942123876768495,0.00179529826027032,0.6785362928530425
voynich_global,voynich_global,voynich,global,30,-0.000635400219467494,-2.4048861640980425e-05,-0.0017135156736535762,0.0017604119009460018,-0.6967797323292693
voynich_global,voynich_global,voynich,global,31,0.00010833215207334268,0.0001307332637434864,-0.0017843820959919932,0.0019651087878336665,-0.022985749405818635
voynich_global,voynich_global,voynich,global,32,-0.0007890882793765291,-5.834807548803923e-05,-0.0018792089114069294,0.0015828225463598994,-0.7856840193517789
voynich_global,voynich_global,voynich,global,33,0.00040988073235649625,-4.0106855360684534e-06,-0.0018782020698860508,0.002015132541259665,0.4213053348880048
voynich_global,voynich_global,voynich,global,34,-0.00031984270349329214,-6.677292212162483e-05,-0.0019011544734842956,0.0015370006627840327,-0.2793478154341116
voynich_global,voynich_global,voynich,global,35,2.8596408912992533e-05,6.902816011696441e-05,-0.001804309645666885,0.0020411991355104853,-0.040854304214892466
voynich_global,voynich_global,voynich,global,36,0.0008802005792209466,8.802826002790961e-05,-0.001671522732508604,0.001982353371141665,0.7957131329561072
voynich_global,voynich_global,voynich,global,37,-2.9244426142702173e-05,-4.0325986426395235e-05,-0.0017903140063612183,0.0018156856102766739,0.012021125929189285
voynich_global,voynich_global,voynich,global,38,0.0005827752821066234,5.912036003788257e-05,-0.001765345622159506,0.0019844596994491592,0.554096086526658
voynich_global,voynich_global,voynich,global,39,-0.0007100663485751918,-6.378624794023867e-05,-0.0018601801619213126,0.001781846913674709,-0.6892213341503796
voynich_global,voynich_global,voynich,global,40,-0.00021784508984012962,0.00010317229385921112,-0.001715407058954399,0.001974585632943171,-0.3208724367121365
voynich_global,voynich_global,voynich,global,41,0.000514000748883886,5.304565231993887e-05,-0.0018342045513509292,0.0018797936275918997,0.47046351426519256
voynich_global,voynich_global,voynich,global,42,-0.0002517337292636951,2.4842642236414732e-05,-0.001725370016658706,0.0020725381386601655,-0.27157326142427735
voynich_global,voynich_global,voynich,global,43,-0.0016404947268198605,5.187102690021157e-05,-0.0015566282422632693,0.0022293444891483133,-1.7669212830147025
voynich_global,voynich_global,voynich,global,44,0.0009723883477261025,3.822432687904137e-05,-0.0015436363332779063,0.0018470064511227346,1.0455430024513044
voynich_global,voynich_global,voynich,global,45,-0.0010753580015975123,-1.4181925684541574e-05,-0.0017582871686635526,0.0017761708012396515,-1.1272753694598945
voynich_global,voynich_global,voynich,global,46,-0.00040338537955295073,7.95232146744252e-05,-0.0017692600785213647,0.0018371283810355715,-0.5207754982821459
voynich_global,voynich_global,voynich,global,47,0.0011911788883333524,-7.766202130217586e-05,-0.001912029757517475,0.0016944019119848192,1.3517644090347094
voynich_global,voynich_global,voynich,global,48,-0.0006769137838057993,-1.3130699490972245e-05,-0.0018630965518052073,0.001803286549283925,-0.7122452348382067
voynich_global,voynich_global,voynich,global,49,0.00046237748623879915,-0.00014677659955080095,-0.0018021803857956875,0.0014928112269528976,0.7191383739056522
voynich_global,voynich_global,voynich,global,50,0.00033161134584881735,-0.0001266376147186485,-0.0021486484224206293,0.0015777321956073898,0.47667316845812874
voynich_global,voynich_global,voynich,global,51,-0.0008655625868712047,-3.3227759772549784e-05,-0.0018840389462375928,0.002213830640860087,-0.8242410391823627
voynich_global,voynich_global,voynich,global,52,0.0004654828706592423,6.341953265284792e-05,-0.0016074409104495924,0.0019273135139845632,0.4111099389589991
voynich_global,voynich_global,voynich,global,53,0.0014490717293941108,-0.00012001856968564386,-0.00194193670618871,0.001413124643504543,1.599050185604701
voynich_global,voynich_global,voynich,global,54,-0.0016293852188602048,-3.559215673091892e-05,-0.0018211053075307404,0.001701751321790429,-1.729888819950301
voynich_global,voynich_global,voynich,global,55,-0.00039416225858883436,-2.629198459902296e-06,-0.0018680281008492255,0.0016668533907509275,-0.4223548884169142
voynich_global,voynich_global,voynich,global,56,-0.0019509003968289501,4.4833728966406155e-05,-0.001771158506183923,0.0021112663317488095,-2.0477580437315783
voynich_global,voynich_global,voynich,global,57,-0.0007995322401483512,7.989545481402072e-05,-0.0015784230995645465,0.002016457790048637,-0.923153524327414
voynich_global,voynich_global,voynich,global,58,-0.0011220553162113595,3.3712739294267174e-05,-0.002032769387942085,0.0017538838576750954,-1.1850550582634176
voynich_global,voynich_global,voynich,global,59,-0.00043799534908864346,2.257984563873036e-05,-0.0015644183568777614,0.001599152643721402,-0.4994649317862587
voynich_global,voynich_global,voynich,global,60,-0.0005448212149904985,-0.0001147980870920174,-0.0018629915945037462,0.0013845008859334068,-0.46989452455746883
voynich_section,voynich_SIM,voynich,SIM,1,-0.024950117808598057,-2.7894788049131895e-05,-0.001754735330272636,0.0019574838583080872,-26.24280499536907
voynich_section,voynich_SIM,voynich,SIM,2,-0.01307014395977224,8.354375503010873e-05,-0.0017178022399164383,0.002293837502859636,-13.208298668976648
voynich_section,voynich_SIM,voynich,SIM,3,-0.017104909651246544,-3.745342055654154e-05,-0.0018125953265273886,0.0017799608969775171,-18.201109847899126
voynich_section,voynich_SIM,voynich,SIM,4,0.006044228979997748,-7.181197563365439e-05,-0.00217084796150277,0.0020684191482511494,5.881571533209974
voynich_section,voynich_SIM,voynich,SIM,5,0.003662210999310425,6.49581730985082e-05,-0.0016189731355813197,0.002033546504196404,4.043584850896871
voynich_section,voynich_SIM,voynich,SIM,6,-0.0007197921799441398,-1.7841351830185094e-05,-0.00180957338540981,0.0017711362896916938,-0.7389786094425924
voynich_section,voynich_SIM,voynich,SIM,7,0.0021793624094013364,-2.7710475080474778e-05,-0.0016648568907351724,0.0017123077280763177,2.522576728443543
voynich_section,voynich_SIM,voynich,SIM,8,-0.0028734141360997334,-0.00016416514506968342,-0.0020470767269668982,0.0018091645156529529,-2.78243607844952
voynich_section,voynich_SIM,voynich,SIM,9,-0.0008364913469072754,-5.6611107386315766e-05,-0.0018065512271468048,0.0018341673357274574,-0.8036939344835778
voynich_section,voynich_SIM,voynich,SIM,10,-0.001877400940790322,-7.438426269191223e-06,-0.0019253057061168477,0.0015597659713882661,-2.0834501973651403
voynich_section,voynich_SIM,voynich,SIM,11,0.0003032985838781199,-1.4392541539319513e-06,-0.0017925599995609887,0.0017763877596667782,0.3109000982026522
voynich_section,voynich_SIM,voynich,SIM,12,-0.00013879838235671127,2.3842191556117664e-05,-0.0017556229389276007,0.001813367563725174,-0.1722221578201423
voynich_section,voynich_SIM,voynich,SIM,13,-0.0017067083718972503,-9.621086278774962e-06,-0.0017546148584355187,0.0019341846050117961,-1.8441973592524958
voynich_section,voynich_SIM,voynich,SIM,14,-0.0007954655477361017,-5.2546810087148174e-05,-0.0019572117600841488,0.0016238409975660034,-0.7962172058745506
voynich_section,voynich_SIM,voynich,SIM,15,0.0004990601768208452,2.4774599414086607e-05,-0.001764575533529586,0.0016129126692155105,0.5077493464941235
voynich_section,voynich_SIM,voynich,SIM,16,0.0008234757011388455,7.053832914359265e-05,-0.0018713609917575397,0.0018894333263289875,0.7477558557898589
voynich_section,voynich_SIM,voynich,SIM,17,-0.0008882242247533617,-5.479108145819873e-05,-0.0018463998583470032,0.001579078031750239,-0.8987553854180111
voynich_section,voynich_SIM,voynich,SIM,18,0.00029855085384769553,-6.005067206527277e-05,-0.0018214381270005298,0.002023287651825925,0.37615699033606187
voynich_section,voynich_SIM,voynich,SIM,19,0.0007786829039442417,6.79405498029112e-06,-0.001880318174029172,0.0016410616319356003,0.8248003292143662
voynich_section,voynich_SIM,voynich,SIM,20,-0.0008612133099928088,-0.00015321584924947424,-0.0018793115025690643,0.0019056182486556356,-0.7593550597372735
voynich_section,voynich_SIM,voynich,SIM,21,0.001655137124781006,6.448936701941417e-05,-0.0018303937299526118,0.0019186480485065688,1.5657713070073795
voynich_section,voynich_SIM,voynich,SIM,22,-8.061117796276385e-05,-0.00010300987476585483,-0.002104878429151566,0.0015843186913581941,0.024109163317008808
voynich_section,voynich_SIM,voynich,SIM,23,0.0011062446505657186,-2.3166268630318566e-05,-0.0016487082756734134,0.0017889938540249922,1.2485421283835747
voynich_section,voynich_SIM,voynich,SIM,24,-0.00023427121987380783,-0.00013479227155973586,-0.001887262775243037,0.001586415130967661,-0.10865726936137926
voynich_section,voynich_SIM,voynich,SIM,25,-0.0004009415753851997,3.267614399664817e-06,-0.0017185593224984252,0.0015874633884402078,-0.4369677630386024
voynich_section,voynich_SIM,voynich,SIM,26,-0.00031606770441588994,-1.4030163838772286e-05,-0.0019690988604596227,0.0018640168636997745,-0.3058249590201398
voynich_section,voynich_SIM,voynich,SIM,27,0.0009307353219131509,2.700757221861e-05,-0.0015727983739733803,0.0016973676498401313,1.035827116678499
voynich_section,voynich_SIM,voynich,SIM,28,-0.0011884671667126562,9.703492358333197e-05,-0.0017993846209836961,0.0019260139727082792,-1.3274747037575827
voynich_section,voynich_SIM,voynich,SIM,29,0.0006093854667868492,2.661114958512685e-05,-0.0015947352806975762,0.0017833193431644467,0.6628439263101232
voynich_section,voynich_SIM,voynich,SIM,30,-0.000635400219467494,2.4286647888362017e-05,-0.0016057041282349777,0.0016526003555274033,-0.7227623810710335
voynich_section,voynich_SIM,voynich,SIM,31,0.00010833215207334268,9.791024450488413e-05,-0.002011986973923921,0.001989067196037031,0.00983774175370943
voynich_section,voynich_SIM,voynich,SIM,32,-0.0007890882793765291,-6.122311891317407e-05,-0.0018073328257785654,0.0017984508032450192,-0.7971522083197928
voynich_section,voynich_SIM,voynich,SIM,33,0.00040988073235649625,-7.888250498117859e-05,-0.0018662225787748343,0.0023146198190401035,0.48701285050234533
voynich_section,voynich_SIM,voynich,SIM,34,-0.00031984270349329214,-5.75486034633442e-05,-0.002032930454316892,0.0016567970089954864,-0.2725661565948783
voynich_section,voynich_SIM,voynich,SIM,35,2.8596408912992533e-05,4.8482840616281486e-05,-0.0017324309768598084,0.0016818057914752133,-0.021759244183218035
voynich_section,voynich_SIM,voynich,SIM,36,0.0008802005792209466,2.189909251266456e-05,-0.0018991412438835453,0.0018026545463720178,0.8598279349083543
voynich_section,voynich_SIM,voynich,SIM,37,-2.9244426142702173e-05,-7.470877346875709e-05,-0.0019220947232483215,0.0017677653495904583,0.04610771760646845
voynich_section,voynich_SIM,voynich,SIM,38,0.0005827752821066234,-2.809555926343195e-05,-0.001825246665635688,0.0015411919777254673,0.6891293187624533
voynich_section,voynich_SIM,voynich,SIM,39,-0.0007100663485751918,-6.025204403464421e-05,-0.002015924740811928,0.001853729027008852,-0.6370972033727023
voynich_section,voynich_SIM,voynich,SIM,40,-0.00021784508984012962,3.596171268536189e-05,-0.002158685401812216,0.0019865661286961184,-0.24188622250884095
voynich_section,voynich_SIM,voynich,SIM,41,0.000514000748883886,1.1832253172960536e-05,-0.001702417519194907,0.0019516774633133865,0.5073516775735272
voynich_section,voynich_SIM,voynich,SIM,42,-0.0002517337292636951,-3.883521847500411e-05,-0.001941024107496997,0.0019527303104166366,-0.21119929622758365
voynich_section,voynich_SIM,voynich,SIM,43,-0.0016404947268198605,-4.912818235864834e-05,-0.0016404947268198744,0.0018579357718263162,-1.7426704206611827
voynich_section,voynich_SIM,voynich,SIM,44,0.0009723883477261025,3.0017293991004973e-05,-0.00165146596246378,0.00187096859094181,1.0227780420852002
voynich_section,voynich_SIM,voynich,SIM,45,-0.0010753580015975123,-5.7074669861672536e-05,-0.0018062120224927453,0.001692302307038554,-1.1093497450332275
voynich_section,voynich_SIM,voynich,SIM,46,-0.00040338537955295073,-2.1060277411888635e-05,-0.0016494465084364307,0.002064774164196967,-0.3892882865745299
voynich_section,voynich_SIM,voynich,SIM,47,0.0011911788883333524,-3.500787929743121e-05,-0.001983918760896236,0.0017183649131110729,1.295286669237131
voynich_section,voynich_SIM,voynich,SIM,48,-0.0006769137838057993,1.3408642237500087e-05,-0.0019230047724112659,0.0016475251757082227,-0.7388456879877495
voynich_section,voynich_SIM,voynich,SIM,49,0.00046237748623879915,-5.0083572951232365e-05,-0.002005870776402005,0.0016246108914628604,0.5513205717096484
voynich_section,voynich_SIM,voynich,SIM,50,0.00033161134584881735,1.9285075689422227e-06,-0.001693335035008861,0.0016376418518457697,0.357634995683168
voynich_section,voynich_SIM,voynich,SIM,51,-0.0008655625868712047,-5.5214867060047536e-05,-0.0020877342181108843,0.0015667986007920354,-0.835840249335049
voynich_section,voynich_SIM,voynich,SIM,52,0.0004654828706592423,-0.00011900974230311779,-0.0020507829908023717,0.0017475802381658745,0.5936949400448007
voynich_section,voynich_SIM,voynich,SIM,53,0.0014490717293941108,-1.655087413349632e-05,-0.001977883792078264,0.0016767366066947204,1.5460333169438432
voynich_section,voynich_SIM,voynich,SIM,54,-0.0016293852188602048,-0.00012635963621087902,-0.0016293852188602048,0.0015699437608294314,-1.668528589338735
voynich_section,voynich_SIM,voynich,SIM,55,-0.00039416225858883436,-6.649671829118637e-05,-0.0017002710131122784,0.002074263460969228,-0.33675946231132714
voynich_section,voynich_SIM,voynich,SIM,56,-0.0019509003968289501,-3.898590603772831e-05,-0.0019029692259902725,0.0014761783181363453,-2.0830464430240294
voynich_section,voynich_SIM,voynich,SIM,57,-0.0007995322401483512,5.6528729031534995e-05,-0.0015904060358632593,0.001980508981152526,-0.9154970299932764
voynich_section,voynich_SIM,voynich,SIM,58,-0.0011220553162113595,8.260370525033693e-05,-0.001637327751532705,0.002053460854954947,-1.2499893735500616
voynich_section,voynich_SIM,voynich,SIM,59,-0.00043799534908864346,-8.86843844391609e-05,-0.001947881508465532,0.0017669177725410518,-0.3661796529521342
voynich_section,voynich_SIM,voynich,SIM,60,-0.0005448212149904985,2.990107047727654e-05,-0.001815058126157773,0.0018278854681333112,-0.5951652104276861
control,liturgy_sample,liturgical_repetition,global,1,-0.0437879804389526,-0.0003256290518984272,-0.008913475815438707,0.0074669733259087046,-11.180929265225164
control,liturgy_sample,liturgical_repetition,global,2,-0.0268690755596164,-0.00018170769492293896,-0.0067845089634218855,0.007221833531292701,-7.3183913961942295
control,liturgy_sample,liturgical_repetition,global,3,-0.012320290212461359,0.0005478038927461651,-0.006769140331414555,0.007769585547517513,-3.4483737606296807
control,liturgy_sample,liturgical_repetition,global,4,-0.011248739775223213,-0.0007767672739011412,-0.008869046491246452,0.006466754672159139,-2.6326773621147774
control,liturgy_sample,liturgical_repetition,global,5,0.00542771494682702,0.0002597699587286504,-0.007531819567851622,0.008072517909006358,1.3140638513337035
control,liturgy_sample,liturgical_repetition,global,6,-0.003548382471481454,-0.00017007559317455955,-0.008574837497936465,0.007033628110529155,-0.8498690806722798
control,liturgy_sample,liturgical_repetition,global,7,0.003612606060240081,-0.0007351049744251619,-0.008559926355742972,0.007052669569104886,1.1196793142759809
control,liturgy_sample,liturgical_repetition,global,8,-0.004045272010192058,-0.0005288612108273016,-0.00880969763221428,0.007336411420194408,-0.856998146592109
control,liturgy_sample,liturgical_repetition,global,9,-0.004293914114550823,-0.0005184309268356909,-0.0074710388166953565,0.007355543126645922,-0.9601107277064974
control,liturgy_sample,liturgical_repetition,global,10,0.001813244288450394,-0.00015179808443094807,-0.0069261624912106134,0.007374684966416523,0.5111931191485597
control,liturgy_sample,liturgical_repetition,global,11,-0.006380997489526932,-0.00036642795310307705,-0.00717569947628189,0.007128936285307516,-1.6395882048793817
control,liturgy_sample,liturgical_repetition,global,12,0.003703407133249334,-2.605762562717974e-05,-0.007425368701408842,0.0071480282249292565,0.9828373851848945
control,liturgy_sample,liturgical_repetition,global,13,0.0018663086574953885,-0.00018643451769674826,-0.007410129190371012,0.007432171366215254,0.5268702275788725
control,liturgy_sample,liturgical_repetition,global,14,-0.0023577660104514148,-0.00030580418648533684,-0.007659992945764249,0.007716465166642969,-0.5096123718634237
control,liturgy_sample,liturgical_repetition,global,15,-0.003667082828845293,-0.0005869979707174607,-0.008175170869152891,0.006675001498919253,-0.7812174855283027
control,liturgy_sample,liturgical_repetition,global,16,-0.007364362149530096,-0.00037231970921177825,-0.007099110160140164,0.0069592452775256025,-1.8570851526246328
control,liturgy_sample,liturgical_repetition,global,17,-0.0017773205783712664,-6.333808964745496e-05,-0.008145057378583516,0.008570251721973662,-0.4078958258106353
control,liturgy_sample,liturgical_repetition,global,18,-0.00441448970701544,-0.000210668050964469,-0.007068417520178907,0.006466614326954848,-1.159490818990139
control,liturgy_sample,liturgical_repetition,global,19,0.0006453747883761463,-0.00025587288882054026,-0.008645838378600182,0.00622010268856199,0.2379209564601337
control,liturgy_sample,liturgical_repetition,global,20,-0.006772158557711072,-0.00019090523853952,-0.008099827171625024,0.0062389938586458055,-1.6671673021114977
control,liturgy_sample,liturgical_repetition,global,21,0.0006802058208518619,-0.0003609628378466636,-0.0070223174195199745,0.00705470781288374,0.27445922338069884
control,liturgy_sample,liturgical_repetition,global,22,-0.004350186248843146,-0.000286689968290527,-0.008600983273285227,0.005745456684206812,-1.1333404387923578
control,liturgy_sample,liturgical_repetition,global,23,-0.0008793986172730417,-0.00041965904778060154,-0.00832027026223714,0.007358709275365832,-0.11287880395646101
control,liturgy_sample,liturgical_repetition,global,24,-6.492635644639311e-05,-0.00014201301248039887,-0.006976143793979615,0.00684629108108685,0.02116820342656342
control,liturgy_sample,liturgical_repetition,global,25,0.0015476392158723234,-0.00031489734355334145,-0.007492509680697736,0.008992467718930058,0.44815855291444073
control,liturgy_sample,liturgical_repetition,global,26,-0.006679362996078998,7.329657838910222e-05,-0.007743192783313042,0.007150424237963568,-1.6917491580808777
control,liturgy_sample,liturgical_repetition,global,27,0.001849034099119476,-0.0002658900828437969,-0.007461952865498764,0.006371513481934071,0.5459597146754153
control,liturgy_sample,liturgical_repetition,global,28,0.0008024063923462582,-0.0004735382590640473,-0.008511058216488225,0.006922683135294677,0.31114037302506237
control,liturgy_sample,liturgical_repetition,global,29,-0.002906476639264202,-0.0006187470677975905,-0.008496042782463548,0.0058771273000491064,-0.5911610391622713
control,liturgy_sample,liturgical_repetition,global,30,0.001103645183741092,-0.000447206786439937,-0.00794853798984782,0.006694699496840151,0.3970767109636453
control,liturgy_sample,liturgical_repetition,global,31,-0.0018081983078618719,-0.0005312342599257683,-0.007933364752602215,0.00671377239786386,-0.3286348530565226
control,liturgy_sample,liturgical_repetition,global,32,0.0054009428337309096,-0.00033826867399417126,-0.008717331007505096,0.008064768086794322,1.5810894543403347
control,liturgy_sample,liturgical_repetition,global,33,0.002222239126478273,-5.312165821203425e-06,-0.008435901028064727,0.009682937234658434,0.5372556977846888
control,liturgy_sample,liturgical_repetition,global,34,0.004905380459893416,-0.0004064532288059269,-0.006821698431364563,0.00650452758142861,1.4775338727498306
control,liturgy_sample,liturgical_repetition,global,35,0.0009250630576825569,-0.0004758966863856811,-0.008139186475775183,0.007589952420519158,0.3478292945894366
control,liturgy_sample,liturgical_repetition,global,36,-0.0019907105138095016,-7.871051380947951e-05,-0.0089240438471428,0.008675956152857198,-0.45021451244733696
control,liturgy_sample,liturgical_repetition,global,37,-0.002774137205371688,3.861286131277602e-05,-0.007041941953304459,0.007895374664460275,-0.7673971627095312
control,liturgy_sample,liturgical_repetition,global,38,0.00257862424250499,-0.0003669467286796316,-0.00782692538396245,0.007381185608566904,0.7135432632574992
control,liturgy_sample,liturgical_repetition,global,39,0.0004615979996679537,-6.415593681454973e-05,-0.00674416661202136,0.007400482440553996,0.13526517984840297
control,liturgy_sample,liturgical_repetition,global,40,0.0026146641080093402,-0.00030845388451601033,-0.006995586826320607,0.007152838160331826,0.7892212173213077
control,liturgy_sample,liturgical_repetition,global,41,0.006638038929893217,-8.692769226964839e-05,-0.008315232098144151,0.0074391070206809295,1.723146289324334
control,liturgy_sample,liturgical_repetition,global,42,0.005855870682771699,-0.0004168323086812739,-0.008033018206117175,0.006390058716959746,1.679957838251763
control,liturgy_sample,liturgical_repetition,global,43,-0.007750653518529417,-0.0004971135773057831,-0.007483488143162048,0.006676276751307622,-1.815064110843295
control,liturgy_sample,liturgical_repetition,global,44,0.007497121305182125,-0.00020998719294719852,-0.006666427599147089,0.007764358076961936,2.005787893891766
control,liturgy_sample,liturgical_repetition,global,45,-0.0005027661139164197,-0.0007567089099602418,-0.008789320511136386,0.006981863664217783,0.06000402607370036
control,liturgy_sample,liturgical_repetition,global,46,-0.00048554117334603797,-0.00021816149420163665,-0.007972172189388803,0.007268469521841153,-0.07126795914730229
control,liturgy_sample,liturgical_repetition,global,47,-0.002875367730534109,-0.0002971382574129383,-0.007154586773058837,0.007287777495462153,-0.6746352734989237
control,liturgy_sample,liturgical_repetition,global,48,0.004899391144831483,-0.00034137932065806125,-0.008476745826811086,0.008109664018025722,1.1717533135732934
control,liturgy_sample,liturgical_repetition,global,49,-0.0025745656560804825,0.0003127771322524247,-0.0076588578690855655,0.008129207423930238,-0.7475274651297623
control,liturgy_sample,liturgical_repetition,global,50,-0.006305200164059319,-5.118517476593927e-05,-0.006305200164059305,0.006810431527589533,-1.6776318944286628
control,liturgy_sample,liturgical_repetition,global,51,0.0006716723509830047,-0.00028682831836101874,-0.006557243311667578,0.006561899927957596,0.2541400064138552
control,liturgy_sample,liturgical_repetition,global,52,-0.0017210443827614663,-0.00037798064414334845,-0.00814846805710532,0.006848853849697051,-0.3398351359200495
control,liturgy_sample,liturgical_repetition,global,53,0.010886296361804396,-0.00010218475258079802,-0.006525972590780638,0.0068680804496694114,2.968067110400968
control,liturgy_sample,liturgical_repetition,global,54,-0.004634654779618712,-4.060333267335948e-05,-0.006510324661719448,0.007155270193586014,-1.2906443706049904
control,liturgy_sample,liturgical_repetition,global,55,-0.004082446420179547,-8.083827222992015e-05,-0.0072987423194022655,0.00824668786017424,-0.9489117620145694
control,liturgy_sample,liturgical_repetition,global,56,-0.0011170733377594555,7.193470513600787e-05,-0.007819486206392133,0.007462015134090436,-0.29706938919486786
control,liturgy_sample,liturgical_repetition,global,57,0.004799742690803008,-0.0005649663464723911,-0.008608677797263493,0.006945089968893661,1.3097240625549473
control,liturgy_sample,liturgical_repetition,global,58,-0.009934773460876734,-0.000280803503795173,-0.0064476489973573775,0.007769089200067483,-2.617018364979628
control,liturgy_sample,liturgical_repetition,global,59,-0.0005290881186748864,-0.0007450795326807784,-0.008310145269198072,0.0061787197697072,0.06025791409781841
control,liturgy_sample,liturgical_repetition,global,60,-0.0045375704171911405,-0.0002581823334552113,-0.007489798007099875,0.007539724268799217,-1.0336656560676263
control,recipe_sample,medical_recipe,global,1,-0.04576084311385377,-0.0005774023602593054,-0.012047407318117515,0.009767168785005956,-7.855597934379701
control,recipe_sample,medical_recipe,global,2,-0.02640552207286094,-0.000916930803019652,-0.010036474453813289,0.009308763641424786,-5.068761482431773
control,recipe_sample,medical_recipe,global,3,-0.011993768951430395,-0.0005992280085023415,-0.011001213120164874,0.010338737252043553,-2.082664290788605
control,recipe_sample,medical_recipe,global,4,-0.007994715181418498,-6.770425788322557e-05,-0.009484288170494945,0.009880160687499098,-1.4871281979303235
control,recipe_sample,medical_recipe,global,5,-0.010449711035082687,-0.00040500164611098654,-0.014423878943676811,0.009917899496462282,-1.7222343715168582
control,recipe_sample,medical_recipe,global,6,-0.0014757357116630399,-0.00035993054267694635,-0.011416093564545739,0.00995567581915209,-0.19642556653769178
control,recipe_sample,medical_recipe,global,7,-0.004427196514227072,-0.0001656351019943385,-0.010394377021437404,0.012479814922868898,-0.7508117468656686
control,recipe_sample,medical_recipe,global,8,-0.006884081655898135,-0.00044129558624637596,-0.01136169359619664,0.010031341229674029,-1.1525406074114906
control,recipe_sample,medical_recipe,global,9,-0.010836692915181606,6.176402857151847e-05,-0.010836692915181592,0.012558030827974201,-1.9134964352707058
control,recipe_sample,medical_recipe,global,10,-0.0023430418350818966,0.00024161951949979287,-0.009813161356994234,0.010605165336232875,-0.5152237084289716
control,recipe_sample,medical_recipe,global,11,0.003667792753817123,3.11911156501643e-06,-0.011279890355300956,0.009646865997464366,0.6548465222104365
control,recipe_sample,medical_recipe,global,12,-0.00626752337055516,-0.0008512721242939245,-0.012249577209039693,0.010183124685277364,-1.0003032627786956
control,recipe_sample,medical_recipe,global,13,0.0007448559503350355,-0.0012676128775951174,-0.011225218862632544,0.010221165177267705,0.3435398408576342
control,recipe_sample,medical_recipe,global,14,-0.0047108162464185865,-0.0008859659470173713,-0.010698840198514394,0.01025924363382097,-0.6673996849259528
control,recipe_sample,medical_recipe,global,15,0.004306346632018246,-0.0003217112811120377,-0.010171935944117506,0.01029736011179859,0.8649154775330414
control,recipe_sample,medical_recipe,global,16,-0.003650499317838181,-0.0003612885286273769,-0.009644505311844166,0.009836014168675314,-0.6538094791145347
control,recipe_sample,medical_recipe,global,17,-0.0021200457633966246,5.886478133102998e-05,-0.010615797887334612,0.008374706860291556,-0.42732592140777065
control,recipe_sample,medical_recipe,global,18,-0.009088061755400619,-0.0006005617554006032,-0.012588061755400608,0.010911938244599392,-1.5291519009429957
control,recipe_sample,medical_recipe,global,19,0.00044520487791603613,-0.0010080217353905995,-0.011560798123584688,0.01095045750422921,0.25271701140836367
control,recipe_sample,medical_recipe,global,20,0.009487513820174959,-0.0005350087023475514,-0.009531505198844062,0.00898701331967447,1.9616765840332053
control,recipe_sample,medical_recipe,global,21,0.009024607248104638,-0.0002793486857961979,-0.01000393556611668,0.009525358374794693,1.7639460653166665
control,recipe_sample,medical_recipe,global,22,0.003551216801713608,-4.597758706393253e-05,-0.008973833298486777,0.00956324084980982,0.7311709473936706
control,recipe_sample,medical_recipe,global,23,0.008097401903747248,-0.001103099349385568,-0.011451470276703866,0.008598655036579347,1.8085368173079956
control,recipe_sample,medical_recipe,global,24,0.017663192005883233,8.545880628445135e-05,-0.011925574293013434,0.011645137843395797,2.8799435159777196
control,recipe_sample,medical_recipe,global,25,0.002150774170339473,0.00023406569066060926,-0.00989137334596759,0.011684140954082572,0.3453382619368822
control,recipe_sample,medical_recipe,global,26,0.0026870386462058,7.659687913754771e-05,-0.009863162157007048,0.009715151096005015,0.5198955088907325
control,recipe_sample,medical_recipe,global,27,-0.0038078005801118198,-0.0005380868684091424,-0.009834922629333304,0.010757744372173472,-0.6010116223526737
control,recipe_sample,medical_recipe,global,28,0.008283797541081786,-0.000809167283038795,-0.01231921753429508,0.009288822666709967,1.581325572199789
control,recipe_sample,medical_recipe,global,29,-0.0007285846312176103,-0.001052868190795275,-0.011286654012816408,0.01033224995902876,0.057395057932328845
control,recipe_sample,medical_recipe,global,30,0.014394835628905214,-0.0004014420370907453,-0.011259087912342258,0.010370690759689938,2.5885582308158965
control,recipe_sample,medical_recipe,global,31,0.009905898989440845,-0.0009320476638052348,-0.012238036591837434,0.01191898404228435,1.8988359350741508
control,recipe_sample,medical_recipe,global,32,0.011454737841779639,-0.00030508088933816637,-0.012714446448250559,0.0094406391509438,2.084798753030647
control,recipe_sample,medical_recipe,global,33,-0.011680001302000115,-0.0005364244758036272,-0.010672444626937116,0.010486245549385292,-2.0846733940474196
control,recipe_sample,medical_recipe,global,34,0.005988551147825191,-0.00025388836830383065,-0.010644513368303833,0.011028873728470362,1.0603733105220063
control,recipe_sample,medical_recipe,global,35,-0.0020436845491474676,-0.0005232609485423089,-0.011120840373655759,0.009050617014140505,-0.2782475699922478
control,recipe_sample,medical_recipe,global,36,-0.0196703019168537,-0.0006390203830494437,-0.011093107164078707,0.00908852754833299,-3.427431613386804
control,recipe_sample,medical_recipe,global,37,-0.006017390377308751,-0.0006690814424273588,-0.01157014151309875,0.009631271914463113,-0.916227812226043
control,recipe_sample,medical_recipe,global,38,0.005124059456720592,-0.00040119306853191733,-0.010532506199845054,0.009669514002175153,1.0631594434381275
control,recipe_sample,medical_recipe,global,39,0.006170654768096098,2.8663863598890858e-05,-0.011515045080312175,0.009707794737777775,1.0423944496127788
control,recipe_sample,medical_recipe,global,40,-0.004915159834268164,-0.0005167776300214349,-0.010981893909091218,0.009240553006985647,-0.8151890710536694
control,recipe_sample,medical_recipe,global,41,0.004220486550112784,-0.001156347036128981,-0.012471470961268084,0.007255387915818423,1.0563688738535022
control,recipe_sample,medical_recipe,global,42,-0.005865389690623293,0.00023278844702854569,-0.008901826937586857,0.010835015167676307,-1.1822997267945348
control,recipe_sample,medical_recipe,global,43,0.007329659763586724,-0.001093125046539843,-0.01140451745160314,0.009354976219282954,1.5681928091059536
control,recipe_sample,medical_recipe,global,44,-0.001751688908389476,-0.00028005770271570014,-0.010870229941824128,0.01091295141582535,-0.26177361574543023
control,recipe_sample,medical_recipe,global,45,-0.00019855339250147985,-0.0004418377310721712,-0.01033540083294749,0.008417766931877652,0.04781543779801892
control,recipe_sample,medical_recipe,global,46,-0.009292929909558836,-0.0002437412685851874,-0.01182842686696247,0.009976846966708947,-1.5894992251331546
control,recipe_sample,medical_recipe,global,47,-0.004190547803092151,0.00031731622531983847,-0.00977147119223469,0.012552222364335577,-0.8084098529022328
control,recipe_sample,medical_recipe,global,48,-0.007712427237634122,-0.00016166581631430873,-0.01126572673001991,0.01157691286388876,-1.2815038628111048
control,recipe_sample,medical_recipe,global,49,0.00450614850361411,-0.000643673741180188,-0.011237884000194917,0.010092740682385082,0.9242958625409599
control,recipe_sample,medical_recipe,global,50,0.0035257593828107586,-0.00036651703995344936,-0.012734403218815214,0.010639580521022152,0.6423711551932256
control,recipe_sample,medical_recipe,global,51,0.0020359850163329807,-0.0002670144752785907,-0.010165336793529739,0.010678587964985775,0.40066812647150996
control,recipe_sample,medical_recipe,global,52,-0.005559068876458607,-0.00047005565163661694,-0.01166283286425105,0.010717635090987998,-0.8757549791880787
control,recipe_sample,medical_recipe,global,53,0.0036320400257698615,0.0004361112725892172,-0.010108417989497312,0.010756721959612137,0.5721541245441234
control,recipe_sample,medical_recipe,global,54,-0.009061585176989212,-0.000787654423425044,-0.01109824505478961,0.009777518692664564,-1.4185588624288228
control,recipe_sample,medical_recipe,global,55,0.008797317765740484,-0.0004079802475045267,-0.009541958851681798,0.00930674211622444,1.714274251502737
control,recipe_sample,medical_recipe,global,56,-0.006455034232464837,-0.0006369914190091672,-0.01104219019576759,0.008835485645211,-1.1604747919633707
control,recipe_sample,medical_recipe,global,57,-0.0008152417655994948,-0.0008662361562165142,-0.012543951607516875,0.009383636357806938,0.009008051998933342
control,recipe_sample,medical_recipe,global,58,-0.00027173522478837753,-0.00014418420438019636,-0.009455408694176118,0.010442550489497354,-0.023507309074370052
control,recipe_sample,medical_recipe,global,59,0.006397900470224704,-0.0008277248488156121,-0.011468357824823784,0.01048161665195009,1.2494656108763784
control,recipe_sample,medical_recipe,global,60,-0.00939756124467539,-0.0010625254939092869,-0.010929736934154437,0.00949927225889971,-1.534215669520282
control,alchemical_sample,alchemical_notation,global,1,-0.0417747584937284,-0.0003374735390834275,-0.008618674665139103,0.008584953736487419,-9.236295491412799
control,alchemical_sample,alchemical_notation,global,2,-0.017362107083594612,0.0005790693869936247,-0.007662482552931282,0.008294964255579365,-4.195491111761253
control,alchemical_sample,alchemical_notation,global,3,-0.005140746658493595,-0.00020334446757027744,-0.00827063711232772,0.007065826111459464,-1.1924800524753443
control,alchemical_sample,alchemical_notation,global,4,-0.001678170603821444,-0.0006355907666267045,-0.00887917248234367,0.008340614618470368,-0.23360103162958318
control,alchemical_sample,alchemical_notation,global,5,-0.0029112020805901473,-0.00039006208685385277,-0.008548533743603003,0.010242571799773129,-0.5613392648745642
control,alchemical_sample,alchemical_notation,global,6,0.00901288860336999,-0.0004404321986350297,-0.009157537461792938,0.007133189355249689,2.359930676857431
control,alchemical_sample,alchemical_notation,global,7,-0.0034992951779259374,-0.0001085085906492244,-0.007886634569966064,0.008095816072465789,-0.804171485750893
control,alchemical_sample,alchemical_notation,global,8,-0.0003453423973292513,3.5535345617451824e-05,-0.008495812616764978,0.008745566693579829,-0.08869391464382946
control,alchemical_sample,alchemical_notation,global,9,0.004064900099655391,-0.00021700645412323218,-0.009105372713138583,0.007514257264910951,0.9860430570272417
control,alchemical_sample,alchemical_notation,global,10,-0.0006187029224961199,-0.00028306929639825685,-0.007519581216097124,0.007223204229323196,-0.08190921080307509
control,alchemical_sample,alchemical_notation,global,11,0.0012840237679208333,-0.0001860107472972414,-0.008129217524830964,0.00944216622163907,0.33829161948415737
control,alchemical_sample,alchemical_notation,global,12,-0.0018340262355163034,-0.000146957811159749,-0.007797616944869724,0.00883766240227403,-0.368646231535951
control,alchemical_sample,alchemical_notation,global,13,-0.002128288515250744,-0.0002491676361298647,-0.008721695108657335,0.007918807246130727,-0.43045148387646287
control,alchemical_sample,alchemical_notation,global,14,-0.0065056502059649066,0.0001730558241858422,-0.009018213020035276,0.010454148789009979,-1.4073020352309278
control,alchemical_sample,alchemical_notation,global,15,-0.005230719946751783,-0.0005370347441127654,-0.008686579199029522,0.007964379016490428,-1.0625315972724914
control,alchemical_sample,alchemical_notation,global,16,-0.0070976659098773084,-0.0004791869658169683,-0.009611807958903061,0.007044383115892658,-1.4776416709160196
control,alchemical_sample,alchemical_notation,global,17,-0.00016352224456091247,3.0920276805246685e-06,-0.008965785683730979,0.008953107746008104,-0.03807752396277709
control,alchemical_sample,alchemical_notation,global,18,-0.002973445155555629,-0.0002218728285116072,-0.008948287922851225,0.008661774970230532,-0.6064433361863473
control,alchemical_sample,alchemical_notation,global,19,0.00396635831098284,-0.0002393667597941386,-0.007987086168413184,0.008055694580249906,0.9939827090560758
control,alchemical_sample,alchemical_notation,global,20,0.002099956493359284,-0.0006391876224368247,-0.008283932745155514,0.007763896078003721,0.6497254708530781
control,alchemical_sample,alchemical_notation,global,21,-0.010784302675109499,-0.0002507804843635137,-0.008266203839730223,0.007786676235812751,-2.4469810862515975
control,alchemical_sample,alchemical_notation,global,22,-0.0047849876994778134,-0.00026042850552315534,-0.00919304815287833,0.007494609277852157,-1.0058458222562257
control,alchemical_sample,alchemical_notation,global,23,0.010666925269839311,-3.228732858589007e-05,-0.007285830635672515,0.007202358340705456,2.670848904229734
control,alchemical_sample,alchemical_notation,global,24,0.001868965468500683,-0.00035220655418363603,-0.008528009956830139,0.0065948633891055874,0.5387748095907464
control,alchemical_sample,alchemical_notation,global,25,-0.004728425760383709,-0.0002468625709730589,-0.007564858158744893,0.008193099609928298,-1.0460532886313076
control,alchemical_sample,alchemical_notation,global,26,0.004117690330259716,-0.00027070815649942457,-0.007862133124973573,0.00916182652193688,1.0168153599469172
control,alchemical_sample,alchemical_notation,global,27,-0.005321374205971244,-0.0002646097783458946,-0.008159595587238971,0.007923658906611536,-1.1259136947252069
control,alchemical_sample,alchemical_notation,global,28,-0.011611819855474284,-2.6646353897000415e-05,-0.009719075375979006,0.00794653976597684,-2.570255450997387
control,alchemical_sample,alchemical_notation,global,29,-0.00402172933940427,-0.0002082235016005522,-0.00875508370986814,0.007653878107739931,-0.8975417187754247
control,alchemical_sample,alchemical_notation,global,30,0.0019948700721935664,-0.00013265518033169505,-0.007474826897503423,0.007676688254011743,0.536320930421034
control,alchemical_sample,alchemical_notation,global,31,0.004857706679504428,0.00046395865298090794,-0.00903556771266481,0.01054131893084638,0.8918682652371812
control,alchemical_sample,alchemical_notation,global,32,-0.005543598951588159,4.4111558028666136e-06,-0.009965582527077736,0.00835406371423622,-1.2932296945466166
control,alchemical_sample,alchemical_notation,global,33,0.0077452051767940705,-0.00019160366996738825,-0.00805258313284258,0.009956895540143187,1.8061064116973347
control,alchemical_sample,alchemical_notation,global,34,0.0004987936314268526,-0.00032295099562751047,-0.008350763890697055,0.008084128650390196,0.1887286756878807
control,alchemical_sample,alchemical_notation,global,35,0.006842488686410339,0.00010995628046661436,-0.00833297764302373,0.009055577526119477,1.5414484947089533
control,alchemical_sample,alchemical_notation,global,36,-0.006417646938520795,-0.0004989246108800629,-0.00799892461088006,0.007181341043768899,-1.526214521071559
control,alchemical_sample,alchemical_notation,global,37,0.0015096517069530524,-0.0003979724626135453,-0.007664660219652467,0.007204052213121995,0.463743987259967
control,alchemical_sample,alchemical_notation,global,38,-0.0003681589522278733,-0.0006782855345063525,-0.009545374142101284,0.007543233452835418,0.06769131258372199
control,alchemical_sample,alchemical_notation,global,39,0.009781964664843712,-0.0001594724988156789,-0.008261720045507653,0.008832297048509422,2.3143796136726973
control,alchemical_sample,alchemical_notation,global,40,0.0031557425717297777,-0.00015489707361538566,-0.007610565218010568,0.007905584243674033,0.7738275848015401
control,alchemical_sample,alchemical_notation,global,41,-0.0012573824178638005,-0.0004639075999987481,-0.007275754289894229,0.007611797183023114,-0.17716587462879463
control,alchemical_sample,alchemical_notation,global,42,-0.0021878794765255727,4.437654375326103e-05,-0.008841871871962843,0.008902107849203186,-0.513626904474933
control,alchemical_sample,alchemical_notation,global,43,0.0051219210894981465,-0.0003852104477443305,-0.00787332455234021,0.007023664354157411,1.3664898671920647
control,alchemical_sample,alchemical_notation,global,44,0.0003881641416131898,-0.00020156318876094547,-0.009440624697955632,0.007046375936159796,0.13019705849566707
control,alchemical_sample,alchemical_notation,global,45,0.0013602532089848768,-0.00020968018778010775,-0.007520178126251401,0.008020576710412092,0.39244582321465105
control,alchemical_sample,alchemical_notation,global,46,0.0001121469013993237,7.248954099322997e-05,-0.0071848074133214895,0.008995395632363776,0.009102233918423892
control,alchemical_sample,alchemical_notation,global,47,-0.0005020324663624204,-0.00038778302174166847,-0.009705459949701047,0.008384035448585209,-0.024281158024555473
control,alchemical_sample,alchemical_notation,global,48,0.004280223607547096,-0.0005927922654687793,-0.0084181890908656,0.009359588686912168,1.0863715113615464
control,alchemical_sample,alchemical_notation,global,49,0.012558689434440995,-0.0002628412102081027,-0.00840034517972222,0.009065516998747122,2.920208257083995
control,alchemical_sample,alchemical_notation,global,50,0.00654762442640916,-0.0003742307197153658,-0.007429503909041922,0.006865286434033058,1.782697663713844
control,alchemical_sample,alchemical_notation,global,51,-0.00042054961562841553,2.114088325941139e-05,-0.008682386285472708,0.007841287054215884,-0.10455217014792928
control,alchemical_sample,alchemical_notation,global,52,0.004367812786045366,-0.00035087761446321955,-0.008346745383058275,0.007546452328321268,1.049381098101866
control,alchemical_sample,alchemical_notation,global,53,-0.0041953107503402,-0.00016987354843241563,-0.008010891036508726,0.007251430108165341,-0.9737031387623262
control,alchemical_sample,alchemical_notation,global,54,-0.0009954337291789433,-0.0003402174441916679,-0.008629021515438484,0.0063200878993197734,-0.16767312443821086
control,alchemical_sample,alchemical_notation,global,55,-0.0003388593634289644,-0.0006697534136994157,-0.008293043264160756,0.008251659249361373,0.07528080021550113
control,alchemical_sample,alchemical_notation,global,56,-0.0019097473946454169,-0.00039160608337871525,-0.007638582531500911,0.008593117022923008,-0.36806072230553194
control,alchemical_sample,alchemical_notation,global,57,-0.011440884319864557,-0.0003409161568591468,-0.00921229469872479,0.009253162162147527,-2.5730466213620855
control,alchemical_sample,alchemical_notation,global,58,0.0003594875849002449,-0.0003061175106411589,-0.007602295854590213,0.007365857011651822,0.1639153807366616
control,alchemical_sample,alchemical_notation,global,59,0.006433067754656935,-0.00015342475888241382,-0.00981414473339659,0.007707358930190547,1.4809706687355246
control,alchemical_sample,alchemical_notation,global,60,-0.006609939978601195,-0.0005360075375559448,-0.00820331155285231,0.008367752819359281,-1.4126402314381237
control,glossolalia_sample,glossolalia_control,global,1,-0.046215712769997384,-0.0003451852893629428,-0.009328955115995186,0.008745556134465898,-9.614955441458683
control,glossolalia_sample,glossolalia_control,global,2,-0.02000882842155228,-0.000281891152179593,-0.008938717720445279,0.00766644833121527,-4.3982933409169505
control,glossolalia_sample,glossolalia_control,global,3,-0.01223959126074213,-0.000665209570081381,-0.009286472028553143,0.007693963556533623,-2.516341612862876
control,glossolalia_sample,glossolalia_control,global,4,-0.007049549641172152,-0.0007404654461943207,-0.010373035608675862,0.007352222884677184,-1.3706890720049776
control,glossolalia_sample,glossolalia_control,global,5,0.005901991824441094,-0.0010836010828363428,-0.009613338799866283,0.0077490549940014836,1.4706333491321963
control,glossolalia_sample,glossolalia_control,global,6,-0.00035345004958674264,0.00031912940348050885,-0.008113982200362788,0.00888527870133711,-0.13915737009347348
control,glossolalia_sample,glossolalia_control,global,7,-0.0003288589786046153,-0.0005562157253698724,-0.01031037469024973,0.009652656733040471,0.04527208314196957
control,glossolalia_sample,glossolalia_control,global,8,-0.0006740722041676112,0.0001284425887317804,-0.009179989363930954,0.010790424837252482,-0.16628346970569172
control,glossolalia_sample,glossolalia_control,global,9,-0.001389500163896773,0.00011623420532259423,-0.008418726948950454,0.009709278970398416,-0.31084803926779164
control,glossolalia_sample,glossolalia_control,global,10,-0.0013652652279632638,-0.001021075738696073,-0.009877478403388894,0.008257236622517844,-0.07150018216326108
control,glossolalia_sample,glossolalia_control,global,11,0.0031017866164751856,-9.517747089987109e-05,-0.009856377026619977,0.009025518567604404,0.686981686065299
control,glossolalia_sample,glossolalia_control,global,12,-0.005761185945127513,-0.0005482229821645605,-0.009835260019201597,0.007942517758576198,-1.04150012563727
control,glossolalia_sample,glossolalia_control,global,13,0.003153638475439771,9.881528422351036e-06,-0.009073112172948532,0.010193282788148156,0.6438791580217136
control,glossolalia_sample,glossolalia_control,global,14,0.00021443385554788252,-0.0006046914224358172,-0.009051689198566283,0.007256687376674634,0.1870304008197108
control,glossolalia_sample,glossolalia_control,global,15,0.00023930843134016555,-0.0002927642420005921,-0.009401032688422545,0.009879649551102848,0.10731999025301946
control,glossolalia_sample,glossolalia_control,global,16,-0.005670516640808358,-0.00054440388116445,-0.009008795572559097,0.008424438848805879,-1.1154409964708238
control,glossolalia_sample,glossolalia_control,global,17,-0.0019372321211736931,-0.0004771208039195247,-0.009729439913381495,0.01030766583800996,-0.2880377560864394
control,glossolalia_sample,glossolalia_control,global,18,0.0066243621865230695,-0.00038751606143536734,-0.008223447761509607,0.008480338430027143,1.5843285422166213
control,glossolalia_sample,glossolalia_control,global,19,-0.0030030063024324566,-0.0005317846165802601,-0.010058334932213371,0.008879652442461694,-0.5476404651162279
control,glossolalia_sample,glossolalia_control,global,20,-0.0014933966104733881,-0.0003901276654511159,-0.009294288140934033,0.009650734147327492,-0.21523937211010363
control,glossolalia_sample,glossolalia_control,global,21,0.0033618166561359547,-0.0006645675876395999,-0.009644500698007479,0.007821125463270837,0.8679199642741019
control,glossolalia_sample,glossolalia_control,global,22,0.0004139482969212349,0.00020762859431898613,-0.008879732000476558,0.00896413417052716,0.042193175495893
control,glossolalia_sample,glossolalia_control,global,23,-0.0029079980603293615,-0.00024715759919140447,-0.008114394490228966,0.009364222095862532,-0.5550317132373019
control,glossolalia_sample,glossolalia_control,global,24,0.003440202943761378,-0.00027631491338149164,-0.01032467800861956,0.008276512467570885,0.8153526432889125
control,glossolalia_sample,glossolalia_control,global,25,0.0038385328656072998,-0.0007613927019401597,-0.010675795381508438,0.008676642281312541,0.9038153140556402
control,glossolalia_sample,glossolalia_control,global,26,-0.000975052082299685,-0.00039984731684920773,-0.010282572558844731,0.00870476921330715,-0.11433440390707011
control,glossolalia_sample,glossolalia_control,global,27,-0.0020678277824956043,-0.0007717383970207577,-0.009889056832774946,0.010222675010800486,-0.2681034955428939
control,glossolalia_sample,glossolalia_control,global,28,0.0013095211255795547,-0.0007489736583250727,-0.010240404358772152,0.008388507712762838,0.41684431702576225
control,glossolalia_sample,glossolalia_control,global,29,0.005062104732803496,-0.0005696507647738559,-0.007982994037230066,0.007298407379094943,1.2932947039097908
control,glossolalia_sample,glossolalia_control,global,30,0.000987509058601052,-0.00010868780940791085,-0.009079605035358693,0.009190342764790443,0.2361836992063793
control,glossolalia_sample,glossolalia_control,global,31,-0.005701092281900688,-0.00018262902192308018,-0.009431043792531048,0.008472723458494688,-1.1332751998724533
control,glossolalia_sample,glossolalia_control,global,32,-0.008290207503999815,-0.00015961048907445465,-0.010155879145790858,0.009620240257194199,-1.5690060099615983
control,glossolalia_sample,glossolalia_control,global,33,0.006289330416699046,-0.0014169032525805526,-0.009014887575088955,0.008155698464478056,1.70094623931601
control,glossolalia_sample,glossolalia_control,global,34,-0.007873043882228169,-0.0005802880943267593,-0.00974010885608926,0.009303953877293838,-1.5302073209922933
control,glossolalia_sample,glossolalia_control,global,35,0.007838199768565257,-0.0005910120356932472,-0.008971662017015623,0.009705962189185333,1.6333444920917195
control,glossolalia_sample,glossolalia_control,global,36,0.01122934718890338,0.0003735923309063587,-0.008950025008406047,0.010108270955719506,2.202545173887004
control,glossolalia_sample,glossolalia_control,global,37,-0.002947063411378806,-0.00028351200950966186,-0.010049867149696579,0.009015553411051092,-0.5434677173712563
control,glossolalia_sample,glossolalia_control,global,38,-0.0021752140345482757,-0.0004942117907188137,-0.009280674019589423,0.007548046997613259,-0.36381171632450093
control,glossolalia_sample,glossolalia_control,global,39,0.0015901047394965007,-0.00035527498366100555,-0.007388570905845819,0.007949999988280651,0.42933664345347305
control,glossolalia_sample,glossolalia_control,global,40,-0.002501039571208688,-0.0007252162179152814,-0.01073457250534042,0.007978002344958962,-0.3668536501413206
control,glossolalia_sample,glossolalia_control,global,41,0.00014380178314737924,2.2124508718310428e-05,-0.008467205330293298,0.00912920051021586,0.026675070295154545
control,glossolalia_sample,glossolalia_control,global,42,0.00016890144563404264,3.968796248795703e-05,-0.009194394434515807,0.009532197325783837,0.027328257444854023
control,glossolalia_sample,glossolalia_control,global,43,-0.0005553244073064345,-0.0008101014773701443,-0.009922128453765784,0.008811479639152894,0.05343950651921898
control,glossolalia_sample,glossolalia_control,global,44,0.007715409090687908,3.639975245623844e-06,-0.00877634503225063,0.0092146594655005,1.665967271908833
control,glossolalia_sample,glossolalia_control,global,45,0.002119079021751624,9.995641207782606e-05,-0.009504468034866306,0.009993094769783092,0.44381097642272727
control,glossolalia_sample,glossolalia_control,global,46,-0.003106355570867275,-0.00013373741632865692,-0.009482949719404415,0.008896645179320262,-0.6472917806448234
control,glossolalia_sample,glossolalia_control,global,47,-0.0038328974314731368,-0.0005308336416044872,-0.009461415255112932,0.007424138215806397,-0.7741788109750748
control,glossolalia_sample,glossolalia_control,global,48,-0.0038092339931755648,-0.00047402378296536047,-0.010190615374556969,0.009328904144962583,-0.6906102460900944
control,glossolalia_sample,glossolalia_control,global,49,0.001471675906585257,1.655010861303749e-05,-0.009793814142231877,0.0112351006155601,0.2863504619006534
control,glossolalia_sample,glossolalia_control,global,50,0.006380896031665209,-0.0007979168909493784,-0.009396714787267939,0.0075078682330175645,1.5550829866167544
control,glossolalia_sample,glossolalia_control,global,51,0.0007714458975381505,-0.0009008577477080077,-0.009375115545528376,0.007911618764881237,0.34504507468810586
control,glossolalia_sample,glossolalia_control,global,52,0.0034284548234606305,-0.0004380865299228452,-0.008601620364509316,0.008691612718197475,0.8310869679980168
control,glossolalia_sample,glossolalia_control,global,53,0.002702731149853893,-0.0005146438031359642,-0.01008403079072527,0.009096112120143468,0.6251971607276007
control,glossolalia_sample,glossolalia_control,global,54,-0.0047955476205727085,-0.00044265070559905596,-0.008557774859097929,0.007619802266560463,-0.952975000695611
control,glossolalia_sample,glossolalia_control,global,55,0.001249644983655998,0.0001487793457184602,-0.00966492031555364,0.009153295717566401,0.2292278270159065
control,glossolalia_sample,glossolalia_control,global,56,-0.011525911514069946,-0.0008670259719012837,-0.009643381393588023,0.008428907763038479,-2.3736745465398283
control,glossolalia_sample,glossolalia_control,global,57,0.00469079145600243,-0.000535197244562551,-0.009621826246445794,0.00770397413020206,1.1549634940628364
control,glossolalia_sample,glossolalia_control,global,58,-0.0035716188346862493,-0.0003105035370223568,-0.009600254855786486,0.010369601964108008,-0.6520304335523336
control,glossolalia_sample,glossolalia_control,global,59,-0.002793895246966105,-0.00020248929144406209,-0.00844787187719604,0.009644853339539738,-0.5184456353506655
control,glossolalia_sample,glossolalia_control,global,60,0.0028863756436105503,-0.0006015579913819222,-0.009557063270416603,0.009296632053866952,0.7086940944019126
control,pseudo_script_sample,ornamental_pseudo_script,global,1,-0.02605984071184058,-9.952467664573965e-05,-0.0017825916545591985,0.0019403987087615732,-26.9002090213706
control,pseudo_script_sample,ornamental_pseudo_script,global,2,-0.013621061813603869,-0.00017617709600383614,-0.0018773406940597176,0.0015583860758782847,-15.314388342275167
control,pseudo_script_sample,ornamental_pseudo_script,global,3,-0.017008065808860787,2.6758751492619164e-05,-0.0017685796177746155,0.001978442517189996,-18.363253470123652
control,pseudo_script_sample,ornamental_pseudo_script,global,4,0.006133604548130639,1.7744757870640225e-05,-0.0017795305378244253,0.0017999360139162451,6.082343187462983
control,pseudo_script_sample,ornamental_pseudo_script,global,5,0.00369251261735723,-0.00011200307142895758,-0.002101743407352155,0.0018728289071179433,3.798534109683417
control,pseudo_script_sample,ornamental_pseudo_script,global,6,-0.0008915804170180341,6.508186000820253e-05,-0.0019091788846344604,0.0021731867325091025,-0.8989552833779795
control,pseudo_script_sample,ornamental_pseudo_script,global,7,0.0020305918195177852,-5.700649962884122e-05,-0.0018243567612146322,0.0015517162194268325,2.2794302365001102
control,pseudo_script_sample,ornamental_pseudo_script,global,8,-0.002661379173229117,8.925534453739919e-05,-0.001536008040195866,0.001971797725535393,-2.8784709764232113
control,pseudo_script_sample,ornamental_pseudo_script,global,9,-0.0010321532349475554,1.5831249111512984e-05,-0.001774428187956728,0.0018172248104749017,-1.029958659124202
control,pseudo_script_sample,ornamental_pseudo_script,global,10,-0.0017255183646941868,6.524139873278677e-05,-0.001665656764713322,0.0016865928342139347,-1.9369866598485896
control,pseudo_script_sample,ornamental_pseudo_script,global,11,0.00027490415320648165,7.969313854022303e-05,-0.0020357812703193923,0.0019390765566785206,0.20166614525514553
control,pseudo_script_sample,ornamental_pseudo_script,global,12,-5.928373015434696e-05,-6.41924988914621e-05,-0.001783339091487604,0.0016288538111511458,0.005060826538706778
control,pseudo_script_sample,ornamental_pseudo_script,global,13,-0.001650618368011142,6.753112374563788e-05,-0.0017104821181158913,0.0018095063880440992,-1.7578302914719963
control,pseudo_script_sample,ornamental_pseudo_script,global,14,-0.0010389787316560511,5.3428059369080985e-05,-0.0017453794404513195,0.0018584614637415786,-1.1879921295576983
control,pseudo_script_sample,ornamental_pseudo_script,global,15,0.00029105775434490333,0.0001350490858663303,-0.001576735974178456,0.0017996603812291678,0.17848786414639836
control,pseudo_script_sample,ornamental_pseudo_script,global,16,0.0008907621052042375,-1.7463469508391325e-05,-0.002078586553799583,0.0018845360515643977,0.87241689257601
control,pseudo_script_sample,ornamental_pseudo_script,global,17,-0.001059837074765313,1.0937240061261663e-05,-0.001694423216840768,0.0017898139028565685,-1.134498037456946
control,pseudo_script_sample,ornamental_pseudo_script,global,18,0.0005216897396811832,3.717566018031637e-06,-0.0018011628190486573,0.0018387710874146063,0.5694348718400757
control,pseudo_script_sample,ornamental_pseudo_script,global,19,0.0007622100890203182,2.7449501355547926e-05,-0.0017761952655781232,0.001983518325666761,0.730256916242652
control,pseudo_script_sample,ornamental_pseudo_script,global,20,-0.0007693793245518582,-9.225581556483314e-06,-0.001906885910116271,0.0021881377979157124,-0.7699745623676498
control,pseudo_script_sample,ornamental_pseudo_script,global,21,0.0016264327684457208,-0.00015013431531166673,-0.0020974491689307734,0.0018539368096359282,1.784989712623147
control,pseudo_script_sample,ornamental_pseudo_script,global,22,-8.479357972600299e-05,2.9558504954421345e-05,-0.0019048477023880517,0.0020346115499528666,-0.11484996623567087
control,pseudo_script_sample,ornamental_pseudo_script,global,23,0.0010897173530920873,1.718972266330915e-05,-0.0017002674396946471,0.0017602716380537148,1.195823106915918
control,pseudo_script_sample,ornamental_pseudo_script,global,24,-0.00037009553555421293,-4.768677992625786e-05,-0.0019626810322492805,0.0019170009296244628,-0.31110163434990157
control,pseudo_script_sample,ornamental_pseudo_script,global,25,-0.00035708352240046426,4.9988599834940585e-05,-0.001626377387879227,0.001786346684398643,-0.4516487742961652
control,pseudo_script_sample,ornamental_pseudo_script,global,26,-0.00026024890088813257,-2.7642027459787374e-05,-0.001828923311138389,0.0017993846759290222,-0.23446308584901346
control,pseudo_script_sample,ornamental_pseudo_script,global,27,0.0009143161888281459,-0.00011072302850171161,-0.001911726513156048,0.0016328016215360064,1.0824340778532946
control,pseudo_script_sample,ornamental_pseudo_script,global,28,-0.0012520878605778302,1.2052370894762715e-06,-0.00204243130072726,0.00151411417994525,-1.3445558141169087
control,pseudo_script_sample,ornamental_pseudo_script,global,29,0.0006290210792494477,1.398281898386186e-05,-0.0016701873703415526,0.0018025753920615506,0.6451222151137022
control,pseudo_script_sample,ornamental_pseudo_script,global,30,-0.0003997954686980332,-3.826456073931471e-05,-0.002064346518921928,0.0018874653269334296,-0.3745847157966444
control,pseudo_script_sample,ornamental_pseudo_script,global,31,-0.00014727625990157422,4.887965890569626e-05,-0.001775921251219434,0.001852603986790255,-0.2100835561311765
control,pseudo_script_sample,ornamental_pseudo_script,global,32,-0.0007450096732738998,0.00010512924222716998,-0.0019545325703806404,0.0020213248735741624,-0.8726221118150558
control,pseudo_script_sample,ornamental_pseudo_script,global,33,0.00030987783156238846,9.948487706489193e-06,-0.0015942453735919293,0.0018786837427272746,0.3192449964587486
control,pseudo_script_sample,ornamental_pseudo_script,global,34,-0.0003237917068456969,-7.433660397388845e-05,-0.001868664883536042,0.0019516028944812358,-0.25312381980258136
control,pseudo_script_sample,ornamental_pseudo_script,global,35,2.454774458975073e-05,-4.733341864291071e-06,-0.0020233319215220286,0.0016173430404544803,0.02807302534275917
control,pseudo_script_sample,ornamental_pseudo_script,global,36,0.0007681051203234229,3.780571912583422e-05,-0.0018905775144071046,0.0017501410484671437,0.7437130299749798
control,pseudo_script_sample,ornamental_pseudo_script,global,37,-4.5224567084362066e-05,-5.678159171936703e-05,-0.0019494389888139452,0.0020506089159513796,0.011453161410235696
control,pseudo_script_sample,ornamental_pseudo_script,global,38,0.0005666101008292429,0.00012689897002373635,-0.0018765621907226304,0.0017881962466052143,0.4829188800913976
control,pseudo_script_sample,ornamental_pseudo_script,global,39,-0.0006419652619248789,-0.0001778767317980364,-0.0019953072981656883,0.0015736832044871002,-0.49111082298364067
control,pseudo_script_sample,ornamental_pseudo_script,global,40,-0.00018581916677355703,-6.150183420670724e-05,-0.001922429303786083,0.0020657857005254854,-0.12707773884662796
control,pseudo_script_sample,ornamental_pseudo_script,global,41,0.0004859196260505738,9.224335801058983e-05,-0.0015980374971304584,0.002294411152489295,0.40685715524788035
control,pseudo_script_sample,ornamental_pseudo_script,global,42,-0.0002196699702600169,7.166832949806627e-05,-0.0018245757119899342,0.001840358295244135,-0.28634252829794765
control,pseudo_script_sample,ornamental_pseudo_script,global,43,-0.0015840143266006995,-2.5979521287665326e-05,-0.001847509469906125,0.0017096749647171477,-1.6598853026414249
control,pseudo_script_sample,ornamental_pseudo_script,global,44,0.0011238550777936257,-4.493953725930193e-05,-0.001810557800086876,0.0017945780213091955,1.2085404309875676
control,pseudo_script_sample,ornamental_pseudo_script,global,45,-0.0011388062847353247,-9.755632965033594e-05,-0.0018694239561010961,0.0016159816564799145,-1.15428193014777
control,pseudo_script_sample,ornamental_pseudo_script,global,46,-0.0004790161599331627,-3.5070777252590795e-05,-0.0018684041105859195,0.0015930882837127958,-0.47593937128595193
control,pseudo_script_sample,ornamental_pseudo_script,global,47,0.0012467984660637643,-5.4929905338444785e-05,-0.001615854098944769,0.001630082491504245,1.5012436600386045
control,pseudo_script_sample,ornamental_pseudo_script,global,48,-0.0006446318817169561,-6.520729375220462e-05,-0.0020460308851665276,0.0020623439711002223,-0.5933304922669425
control,pseudo_script_sample,ornamental_pseudo_script,global,49,0.00029067986375402866,3.608932870067624e-05,-0.0015898524346876358,0.0017040735657675166,0.2698755633973684
control,pseudo_script_sample,ornamental_pseudo_script,global,50,0.0005073306435959268,-5.833306049815752e-05,-0.00196014893381824,0.001908763219117579,0.5599092765569963
control,pseudo_script_sample,ornamental_pseudo_script,global,51,-0.0009649395407885647,-0.0001691678452743825,-0.002354410703272816,0.0016103733896779965,-0.8301269269603568
control,pseudo_script_sample,ornamental_pseudo_script,global,52,0.0005333841066945122,-5.222093295893654e-06,-0.0017065660633979463,0.001994741971674638,0.5524750427243054
control,pseudo_script_sample,ornamental_pseudo_script,global,53,0.0015765611572332305,-5.167453146984469e-05,-0.0017774151014062212,0.0014927117507672616,1.908604788335496
control,pseudo_script_sample,ornamental_pseudo_script,global,54,-0.0015607787137907614,-4.152905518171136e-05,-0.0018362872066394892,0.0017573018305181987,-1.5220889941712012
control,pseudo_script_sample,ornamental_pseudo_script,global,55,-0.00032594137898041275,4.3364211513251744e-05,-0.0018113093070119407,0.001973983154745826,-0.38875897965622136
control,pseudo_script_sample,ornamental_pseudo_script,global,56,-0.0019420567313445936,-1.9500430434173445e-05,-0.001858204311603301,0.0016516184004235213,-1.9838348509681456
control,pseudo_script_sample,ornamental_pseudo_script,global,57,-0.00059938283408556,2.855952267483586e-05,-0.001845205136700584,0.0017604921045217825,-0.6531714463367203
control,pseudo_script_sample,ornamental_pseudo_script,global,58,-0.0011134534042575445,5.5896604127914085e-05,-0.0021197065487986028,0.0021568693155009505,-1.1313165892999526
control,pseudo_script_sample,ornamental_pseudo_script,global,59,-0.00020199392592683274,9.796893809561155e-05,-0.0018192058525652727,0.002038144076157586,-0.30817045381566793
control,pseudo_script_sample,ornamental_pseudo_script,global,60,-0.0005603386677437427,-6.15725553281806e-05,-0.0018301647255327819,0.0014402363478296099,-0.5772931387560406
control,mnemonic_sample,mnemonic_notation,global,1,-0.04024663811878054,-0.0002677460708784212,-0.004233887192615304,0.0036923642074019186,-19.110794706375977
control,mnemonic_sample,mnemonic_notation,global,2,-0.013706665931538187,0.0002572320522632929,-0.0037118356713279343,0.004042774013317929,-6.771575416374275
control,mnemonic_sample,mnemonic_notation,global,3,-0.007067333128666829,-0.000268539505228661,-0.004137561478516051,0.004220904699855352,-2.989660863362608
control,mnemonic_sample,mnemonic_notation,global,4,-0.0037877660388594414,3.76389938878836e-05,-0.004304829120555423,0.004312888907710713,-1.6903565553149271
control,mnemonic_sample,mnemonic_notation,global,5,-0.0007661874749350442,0.00020252751256818235,-0.003782648734954007,0.00483581200795731,-0.43734581708005416
control,mnemonic_sample,mnemonic_notation,global,6,0.0032902163912758436,-0.0003651878493723297,-0.004984219050889305,0.00337640842713173,1.7227286306648553
control,mnemonic_sample,mnemonic_notation,global,7,-0.002996616290420147,-0.0002813331251757742,-0.004806805067249745,0.0038131414890816007,-1.248809596348766
control,mnemonic_sample,mnemonic_notation,global,8,-0.002905222563957803,-0.00012030877085435679,-0.004456946701888821,0.004249949849835302,-1.1860566993941657
control,mnemonic_sample,mnemonic_notation,global,9,-0.003417313380348036,5.2813354715326655e-05,-0.003934599353276738,0.004255761884761011,-1.5065967573347856
control,mnemonic_sample,mnemonic_notation,global,10,0.004175353159561704,-9.133075145743352e-05,-0.0044468230777205825,0.004261574921934533,1.9138551632792768
control,mnemonic_sample,mnemonic_notation,global,11,-0.0035794679841467322,-0.00012124603019312813,-0.0047004475478269955,0.004094930567202754,-1.4455537354541805
control,mnemonic_sample,mnemonic_notation,global,12,-0.004091749428155919,-9.080082518938385e-05,-0.004522932594765099,0.004531913904027587,-1.739230744996766
control,mnemonic_sample,mnemonic_notation,global,13,0.0032440912008932787,-9.139823420806235e-05,-0.003914166668878179,0.004106531908094652,1.63613951560251
control,mnemonic_sample,mnemonic_notation,global,14,0.0020422978538564007,-4.628244629884995e-05,-0.0038228047854397817,0.003939831060687529,0.9631070595311696
control,mnemonic_sample,mnemonic_notation,global,15,-0.002696319748049271,-0.0002733058603584277,-0.004507757684735221,0.004031878302498473,-1.0914904651006205
control,mnemonic_sample,mnemonic_notation,global,16,0.002053548050734849,-2.8059954786200867e-05,-0.004588964026559832,0.004727806159775569,0.8833590740622591
control,mnemonic_sample,mnemonic_notation,global,17,7.487644270312566e-05,-0.00035994367635476017,-0.005187827379227676,0.004043472767437842,0.18476682913018128
control,mnemonic_sample,mnemonic_notation,global,18,-0.00302579321047234,-0.00014960684291409946,-0.004665137472767415,0.0044806778852998635,-1.237149822165974
control,mnemonic_sample,mnemonic_notation,global,19,0.009836415612553218,0.00030927780946407796,-0.004573800972139164,0.0050042471769677355,4.367968849346772
control,mnemonic_sample,mnemonic_notation,global,20,0.002076060094678367,-5.070897677486995e-05,-0.0046550410444310755,0.004060871969031141,0.9123665787740445
control,mnemonic_sample,mnemonic_notation,global,21,0.0069146930370576065,-2.1960108709206462e-05,-0.004218473442617894,0.004152977321169107,2.974803254477952
control,mnemonic_sample,mnemonic_notation,global,22,0.0026051883362368383,-0.00016323907615742805,-0.004299696870046589,0.004331409637807704,1.2658107260686815
control,mnemonic_sample,mnemonic_notation,global,23,0.003474050574613183,9.25227368919863e-05,-0.004294615804325101,0.004337235727828542,1.5189584191749275
control,mnemonic_sample,mnemonic_notation,global,24,0.00952262083478482,1.2983209726575087e-06,-0.0040305559607953095,0.003652455088928447,4.432867737342804
control,mnemonic_sample,mnemonic_notation,global,25,0.005298558542122148,-0.00019958528935501354,-0.004888784978554689,0.003917223827454089,2.595399339158277
control,mnemonic_sample,mnemonic_notation,global,26,-0.0016028002558578364,0.00010415881856799244,-0.004365708216486401,0.004527401781786788,-0.7081637971413414
control,mnemonic_sample,mnemonic_notation,global,27,0.0004748753371822956,-0.00020252730507658182,-0.004619676083247724,0.003756111845255844,0.3016879435892476
control,mnemonic_sample,mnemonic_notation,global,28,0.00022130355122294831,-0.0002463130290879347,-0.004700976241523165,0.004020958128079594,0.20471291637911773
control,mnemonic_sample,mnemonic_notation,global,29,0.006099478276743703,6.983242630220869e-06,-0.003659568273044707,0.004199486913068096,2.820591571593346
control,mnemonic_sample,mnemonic_notation,global,30,0.0005777356028389136,-9.854700210149024e-05,-0.0038271702530947513,0.004378046537369923,0.3101487813397731
control,mnemonic_sample,mnemonic_notation,global,31,0.001965292100969393,-4.602343846224786e-05,-0.004167557514647785,0.004038368027375172,0.9147681692169052
control,mnemonic_sample,mnemonic_notation,global,32,0.006290199593657245,-6.605472562403541e-05,-0.004594389210765708,0.0037850164561313293,2.765141668810118
control,mnemonic_sample,mnemonic_notation,global,33,-0.0007016402298548746,-0.000184145629422913,-0.004416543037630255,0.0036180141977909114,-0.25323736802503366
control,mnemonic_sample,mnemonic_notation,global,34,0.007598209623525434,-5.29913441607573e-05,-0.004411467238406477,0.004401389163874503,3.393730549892351
control,mnemonic_sample,mnemonic_notation,global,35,0.0017285787631501764,0.00012441389665056627,-0.003887942450018403,0.004407227341738276,0.7152113231579383
control,mnemonic_sample,mnemonic_notation,global,36,-0.0006854471250267308,-1.9183730626458652e-05,-0.004055651065572881,0.004931559442550179,-0.3136330324241676
control,mnemonic_sample,mnemonic_notation,global,37,0.0031225624157328047,-0.0002786129364407369,-0.005001195254304362,0.003900369001161877,1.4888596908001406
control,mnemonic_sample,mnemonic_notation,global,38,-6.963409198808279e-05,-0.00017075768749370352,-0.00439115526744184,0.003992595812938454,0.04616497658248145
control,mnemonic_sample,mnemonic_notation,global,39,0.006850851188430415,-0.00020939602394749266,-0.003608134030689658,0.0039984006741249495,3.3304809028891027
control,mnemonic_sample,mnemonic_notation,global,40,0.0027939714075211897,-0.00010799954683566173,-0.004208103281275508,0.00417709727197485,1.3168916240680197
control,mnemonic_sample,mnemonic_notation,global,41,0.00582552304707,0.0002043593918439255,-0.003424930830339873,0.004788088967360479,2.560011216169028
control,mnemonic_sample,mnemonic_notation,global,42,0.004015821280365928,1.0979502741855427e-05,-0.005062511764766353,0.004275202224512553,1.730516134909456
control,mnemonic_sample,mnemonic_notation,global,43,0.0019464031795906611,-0.00011196257916421027,-0.003760471009773808,0.004108097948289313,0.9787226653566857
control,mnemonic_sample,mnemonic_notation,global,44,0.00428686584358523,-0.00015018016125739112,-0.004706562036041202,0.004113915307438584,2.020834883556907
control,mnemonic_sample,mnemonic_notation,global,45,0.0025630442323335834,0.00017655283736687166,-0.0042690927563371825,0.004465664659558347,1.0607699104006252
control,mnemonic_sample,mnemonic_notation,global,46,-0.0018422725910978363,-6.0141471914309793e-05,-0.00400452825620768,0.0041255530446053235,-0.8588796870233598
control,mnemonic_sample,mnemonic_notation,global,47,0.00023897657166165043,-4.170849018420856e-05,-0.004085908818875508,0.003698884884091369,0.12513228530559403
control,mnemonic_sample,mnemonic_notation,global,48,0.004396710379605012,-0.00015000242316315067,-0.004426819032159676,0.004050689618359332,2.0758301779058987
control,mnemonic_sample,mnemonic_notation,global,49,-0.0012207685931752213,-6.02010700330834e-05,-0.004421737535125217,0.0046620932460842285,-0.4810154383467447
control,mnemonic_sample,mnemonic_notation,global,50,-0.0010423689501002573,-0.00014169409285852156,-0.0037244938852101367,0.003975800283331138,-0.4378208226586334
control,mnemonic_sample,mnemonic_notation,global,51,-0.0005178278516920626,9.69510701734717e-05,-0.003978933675002606,0.003808554427446126,-0.2774049248651282
control,mnemonic_sample,mnemonic_notation,global,52,-0.0013777581030418456,-5.939534776320272e-05,-0.004493022900549634,0.004506630958917304,-0.5733809618120551
control,mnemonic_sample,mnemonic_notation,global,53,0.0007046119605800122,-0.00033909206365192204,-0.004920658485114492,0.004079774227996713,0.44164722802527534
control,mnemonic_sample,mnemonic_notation,global,54,0.003825943833110232,1.1680374567738586e-05,-0.0043097667433135145,0.004431794620716273,1.7959266082125234
control,mnemonic_sample,mnemonic_notation,global,55,0.0011484565819275816,-3.911374612574424e-05,-0.003958442059118036,0.0035720694963221056,0.5676635945369275
control,mnemonic_sample,mnemonic_notation,global,56,0.0004615030067748327,0.00021565813142857343,-0.003520491453058959,0.004789757854420262,0.11733698883743204
control,mnemonic_sample,mnemonic_notation,global,57,0.003756769680332131,-3.770698835455846e-05,-0.004813916840315423,0.0041030600448027366,1.6398682801081021
control,mnemonic_sample,mnemonic_notation,global,58,-0.003423583513353236,-5.042334019306441e-05,-0.004289384379154097,0.004455204365434645,-1.4645407967113453
control,mnemonic_sample,mnemonic_notation,global,59,-4.149499835277848e-05,-0.0001458330362781432,-0.004803812082082984,0.003941533835312469,0.04557014543228585
control,mnemonic_sample,mnemonic_notation,global,60,0.005073080889095721,-0.00029018547737466794,-0.004538973146235074,0.003687559586705677,2.344813270078987
